ts,lab,direction,seq,result,rtt_ms
2026-09-28T20:13:05.337+00:00,agent,fwd,1,OK,0.248
2026-09-28T20:13:05.539+00:00,agent,fwd,2,OK,0.284
2026-09-28T20:13:05.747+00:00,agent,fwd,3,OK,0.322
2026-09-28T20:13:05.951+00:00,agent,fwd,4,OK,0.232
2026-09-28T20:13:06.160+00:00,agent,fwd,5,OK,0.134
2026-09-28T20:13:06.363+00:00,agent,fwd,6,OK,0.133
2026-09-28T20:13:06.567+00:00,agent,fwd,7,OK,0.134
2026-09-28T20:13:06.775+00:00,agent,fwd,8,OK,0.130
2026-09-28T20:13:06.979+00:00,agent,fwd,9,OK,0.273
2026-09-28T20:13:07.183+00:00,agent,fwd,10,OK,0.207
2026-09-28T20:13:07.387+00:00,agent,fwd,11,OK,0.219
2026-09-28T20:13:07.591+00:00,agent,fwd,12,OK,0.137
2026-09-28T20:13:07.795+00:00,agent,fwd,13,OK,0.182
2026-09-28T20:13:07.999+00:00,agent,fwd,14,OK,0.300
2026-09-28T20:13:08.203+00:00,agent,fwd,15,OK,0.238
2026-09-28T20:13:08.407+00:00,agent,fwd,16,OK,0.214
2026-09-28T20:13:08.611+00:00,agent,fwd,17,OK,0.139
2026-09-28T20:13:08.815+00:00,agent,fwd,18,OK,0.204
2026-09-28T20:13:09.019+00:00,agent,fwd,19,OK,0.247
2026-09-28T20:13:39.931+00:00,agent,fwd,155,FAIL,
2026-09-28T20:13:39.931+00:00,agent,fwd,156,FAIL,
2026-09-28T20:13:39.931+00:00,agent,fwd,157,FAIL,
2026-09-28T20:13:39.931+00:00,agent,fwd,158,FAIL,
2026-09-28T20:13:39.931+00:00,agent,fwd,159,FAIL,
2026-09-28T20:13:43.003+00:00,agent,fwd,160,FAIL,
2026-09-28T20:13:43.003+00:00,agent,fwd,161,FAIL,
2026-09-28T20:13:43.003+00:00,agent,fwd,162,FAIL,
2026-09-28T20:13:43.003+00:00,agent,fwd,163,FAIL,
2026-09-28T20:13:43.003+00:00,agent,fwd,164,FAIL,
2026-09-28T20:13:46.203+00:00,agent,fwd,166,FAIL,
2026-09-28T20:13:46.203+00:00,agent,fwd,167,FAIL,
2026-09-28T20:13:46.203+00:00,agent,fwd,168,FAIL,
2026-09-28T20:13:46.203+00:00,agent,fwd,169,FAIL,
2026-09-28T20:13:46.203+00:00,agent,fwd,170,FAIL,
2026-09-28T20:13:49.275+00:00,agent,fwd,171,FAIL,
2026-09-28T20:13:49.275+00:00,agent,fwd,172,FAIL,
2026-09-28T20:13:49.275+00:00,agent,fwd,173,FAIL,
2026-09-28T20:13:49.275+00:00,agent,fwd,174,FAIL,
2026-09-28T20:13:49.275+00:00,agent,fwd,175,FAIL,
2026-09-28T20:13:52.347+00:00,agent,fwd,176,FAIL,
2026-09-28T20:13:52.347+00:00,agent,fwd,177,FAIL,
2026-09-28T20:13:52.347+00:00,agent,fwd,178,FAIL,
2026-09-28T20:13:52.347+00:00,agent,fwd,179,FAIL,
2026-09-28T20:13:52.347+00:00,agent,fwd,180,FAIL,
2026-09-28T20:13:55.419+00:00,agent,fwd,181,FAIL,
2026-09-28T20:13:55.419+00:00,agent,fwd,182,FAIL,
2026-09-28T20:13:55.419+00:00,agent,fwd,183,FAIL,
2026-09-28T20:13:55.419+00:00,agent,fwd,184,FAIL,
2026-09-28T20:13:55.419+00:00,agent,fwd,185,FAIL,
2026-09-28T20:13:58.495+00:00,agent,fwd,186,FAIL,
2026-09-28T20:13:58.495+00:00,agent,fwd,187,FAIL,
2026-09-28T20:13:58.496+00:00,agent,fwd,188,FAIL,
2026-09-28T20:13:58.496+00:00,agent,fwd,189,FAIL,
2026-09-28T20:13:58.496+00:00,agent,fwd,190,FAIL,
2026-09-28T20:14:01.568+00:00,agent,fwd,191,FAIL,
2026-09-28T20:14:01.568+00:00,agent,fwd,192,FAIL,
2026-09-28T20:14:01.568+00:00,agent,fwd,193,FAIL,
2026-09-28T20:14:01.568+00:00,agent,fwd,194,FAIL,
2026-09-28T20:14:01.568+00:00,agent,fwd,195,FAIL,
2026-09-28T20:14:04.635+00:00,agent,fwd,196,FAIL,
2026-09-28T20:14:04.635+00:00,agent,fwd,197,FAIL,
2026-09-28T20:14:04.635+00:00,agent,fwd,198,FAIL,
2026-09-28T20:14:04.635+00:00,agent,fwd,199,FAIL,
2026-09-28T20:14:04.635+00:00,agent,fwd,200,FAIL,
2026-09-28T20:14:07.707+00:00,agent,fwd,201,FAIL,
2026-09-28T20:14:07.707+00:00,agent,fwd,202,FAIL,
2026-09-28T20:14:07.707+00:00,agent,fwd,203,FAIL,
2026-09-28T20:14:07.707+00:00,agent,fwd,204,FAIL,
2026-09-28T20:14:07.707+00:00,agent,fwd,205,FAIL,
2026-09-28T20:14:10.780+00:00,agent,fwd,206,FAIL,
2026-09-28T20:14:10.780+00:00,agent,fwd,207,FAIL,
2026-09-28T20:14:10.780+00:00,agent,fwd,208,FAIL,
2026-09-28T20:14:10.780+00:00,agent,fwd,209,FAIL,
2026-09-28T20:14:10.780+00:00,agent,fwd,210,FAIL,
2026-09-28T20:14:13.851+00:00,agent,fwd,211,FAIL,
2026-09-28T20:14:13.851+00:00,agent,fwd,212,FAIL,
2026-09-28T20:14:13.851+00:00,agent,fwd,213,FAIL,
2026-09-28T20:14:13.851+00:00,agent,fwd,214,FAIL,
2026-09-28T20:14:13.851+00:00,agent,fwd,215,FAIL,
2026-09-28T20:14:16.923+00:00,agent,fwd,216,FAIL,
2026-09-28T20:14:16.923+00:00,agent,fwd,217,FAIL,
2026-09-28T20:14:16.923+00:00,agent,fwd,218,FAIL,
2026-09-28T20:14:16.923+00:00,agent,fwd,219,FAIL,
2026-09-28T20:14:16.923+00:00,agent,fwd,220,FAIL,
2026-09-28T20:14:19.995+00:00,agent,fwd,221,FAIL,
2026-09-28T20:14:19.996+00:00,agent,fwd,222,FAIL,
2026-09-28T20:14:19.996+00:00,agent,fwd,223,FAIL,
2026-09-28T20:14:19.996+00:00,agent,fwd,224,FAIL,
2026-09-28T20:14:19.996+00:00,agent,fwd,225,FAIL,
2026-09-28T20:14:23.067+00:00,agent,fwd,226,FAIL,
2026-09-28T20:14:23.067+00:00,agent,fwd,227,FAIL,
2026-09-28T20:14:23.067+00:00,agent,fwd,228,FAIL,
2026-09-28T20:14:23.067+00:00,agent,fwd,229,FAIL,
2026-09-28T20:14:23.067+00:00,agent,fwd,230,FAIL,
2026-09-28T20:14:26.139+00:00,agent,fwd,231,FAIL,
2026-09-28T20:14:26.139+00:00,agent,fwd,232,FAIL,
2026-09-28T20:14:26.139+00:00,agent,fwd,233,FAIL,
2026-09-28T20:14:26.139+00:00,agent,fwd,234,FAIL,
2026-09-28T20:14:26.139+00:00,agent,fwd,235,FAIL,
2026-09-28T20:14:29.211+00:00,agent,fwd,236,FAIL,
2026-09-28T20:14:29.211+00:00,agent,fwd,237,FAIL,
2026-09-28T20:14:29.211+00:00,agent,fwd,238,FAIL,
2026-09-28T20:14:29.211+00:00,agent,fwd,239,FAIL,
2026-09-28T20:14:29.211+00:00,agent,fwd,240,FAIL,
2026-09-28T20:14:32.283+00:00,agent,fwd,241,FAIL,
2026-09-28T20:14:32.283+00:00,agent,fwd,242,FAIL,
2026-09-28T20:14:32.283+00:00,agent,fwd,243,FAIL,
2026-09-28T20:14:32.283+00:00,agent,fwd,244,FAIL,
2026-09-28T20:14:32.283+00:00,agent,fwd,245,FAIL,
2026-09-28T20:14:35.355+00:00,agent,fwd,247,FAIL,
2026-09-28T20:14:35.355+00:00,agent,fwd,248,FAIL,
2026-09-28T20:14:35.355+00:00,agent,fwd,249,FAIL,
2026-09-28T20:14:35.355+00:00,agent,fwd,250,FAIL,
2026-09-28T20:14:35.355+00:00,agent,fwd,251,FAIL,
2026-09-28T20:14:38.427+00:00,agent,fwd,252,FAIL,
2026-09-28T20:14:38.427+00:00,agent,fwd,253,FAIL,
2026-09-28T20:14:38.427+00:00,agent,fwd,254,FAIL,
2026-09-28T20:14:38.427+00:00,agent,fwd,255,FAIL,
2026-09-28T20:14:38.427+00:00,agent,fwd,256,FAIL,
2026-09-28T20:14:41.504+00:00,agent,fwd,257,FAIL,
2026-09-28T20:14:41.504+00:00,agent,fwd,258,FAIL,
2026-09-28T20:14:41.504+00:00,agent,fwd,259,FAIL,
2026-09-28T20:14:41.504+00:00,agent,fwd,260,FAIL,
2026-09-28T20:14:41.504+00:00,agent,fwd,261,FAIL,
2026-09-28T20:14:44.571+00:00,agent,fwd,262,FAIL,
2026-09-28T20:14:44.571+00:00,agent,fwd,263,FAIL,
2026-09-28T20:14:44.571+00:00,agent,fwd,264,FAIL,
2026-09-28T20:14:44.571+00:00,agent,fwd,265,FAIL,
2026-09-28T20:14:44.571+00:00,agent,fwd,266,FAIL,
2026-09-28T20:14:47.647+00:00,agent,fwd,267,FAIL,
2026-09-28T20:14:47.648+00:00,agent,fwd,268,FAIL,
2026-09-28T20:14:47.648+00:00,agent,fwd,269,FAIL,
2026-09-28T20:14:47.648+00:00,agent,fwd,270,FAIL,
2026-09-28T20:14:47.648+00:00,agent,fwd,271,FAIL,
2026-09-28T20:14:50.715+00:00,agent,fwd,273,FAIL,
2026-09-28T20:14:50.715+00:00,agent,fwd,274,FAIL,
2026-09-28T20:14:50.715+00:00,agent,fwd,275,FAIL,
2026-09-28T20:14:50.715+00:00,agent,fwd,276,FAIL,
2026-09-28T20:14:50.715+00:00,agent,fwd,277,FAIL,
2026-09-28T20:14:53.787+00:00,agent,fwd,278,FAIL,
2026-09-28T20:14:53.787+00:00,agent,fwd,279,FAIL,
2026-09-28T20:14:53.787+00:00,agent,fwd,280,FAIL,
2026-09-28T20:14:53.787+00:00,agent,fwd,281,FAIL,
2026-09-28T20:14:53.787+00:00,agent,fwd,282,FAIL,
2026-09-28T20:14:56.859+00:00,agent,fwd,283,FAIL,
2026-09-28T20:14:56.859+00:00,agent,fwd,284,FAIL,
2026-09-28T20:14:56.859+00:00,agent,fwd,285,FAIL,
2026-09-28T20:14:56.859+00:00,agent,fwd,286,FAIL,
2026-09-28T20:14:56.859+00:00,agent,fwd,287,FAIL,
2026-09-28T20:14:59.931+00:00,agent,fwd,288,FAIL,
2026-09-28T20:14:59.931+00:00,agent,fwd,289,FAIL,
2026-09-28T20:14:59.931+00:00,agent,fwd,290,FAIL,
2026-09-28T20:14:59.931+00:00,agent,fwd,291,FAIL,
2026-09-28T20:14:59.931+00:00,agent,fwd,292,FAIL,
2026-09-28T20:15:03.007+00:00,agent,fwd,293,FAIL,
2026-09-28T20:15:03.008+00:00,agent,fwd,294,FAIL,
2026-09-28T20:15:03.008+00:00,agent,fwd,295,FAIL,
2026-09-28T20:15:03.008+00:00,agent,fwd,296,FAIL,
2026-09-28T20:15:03.008+00:00,agent,fwd,297,FAIL,
2026-09-28T20:15:06.075+00:00,agent,fwd,298,FAIL,
2026-09-28T20:15:06.075+00:00,agent,fwd,299,FAIL,
2026-09-28T20:15:06.075+00:00,agent,fwd,300,FAIL,
2026-09-28T20:15:06.075+00:00,agent,fwd,301,FAIL,
2026-09-28T20:15:06.075+00:00,agent,fwd,302,FAIL,
2026-09-28T20:15:09.151+00:00,agent,fwd,303,FAIL,
2026-09-28T20:15:09.151+00:00,agent,fwd,304,FAIL,
2026-09-28T20:15:09.151+00:00,agent,fwd,305,FAIL,
2026-09-28T20:15:09.151+00:00,agent,fwd,306,FAIL,
2026-09-28T20:15:09.151+00:00,agent,fwd,307,FAIL,
2026-09-28T20:15:12.219+00:00,agent,fwd,308,FAIL,
2026-09-28T20:15:12.219+00:00,agent,fwd,309,FAIL,
2026-09-28T20:15:12.219+00:00,agent,fwd,310,FAIL,
2026-09-28T20:15:12.219+00:00,agent,fwd,311,FAIL,
2026-09-28T20:15:12.219+00:00,agent,fwd,312,FAIL,
2026-09-28T20:15:26.707+00:00,agent,fwd,384,OK,0.136
2026-09-28T20:15:26.911+00:00,agent,fwd,385,OK,0.124
2026-09-28T20:15:27.115+00:00,agent,fwd,386,OK,0.118
2026-09-28T20:15:27.319+00:00,agent,fwd,387,OK,0.130
2026-09-28T20:15:27.524+00:00,agent,fwd,388,OK,0.640
2026-09-28T20:15:27.727+00:00,agent,fwd,389,OK,0.101
2026-09-28T20:15:27.931+00:00,agent,fwd,390,OK,0.126
2026-09-28T20:15:28.135+00:00,agent,fwd,391,OK,0.118
2026-09-28T20:15:28.339+00:00,agent,fwd,392,OK,0.133
2026-09-28T20:15:28.548+00:00,agent,fwd,393,OK,0.275
2026-09-28T20:15:28.755+00:00,agent,fwd,394,OK,0.125
2026-09-28T20:15:28.959+00:00,agent,fwd,395,OK,0.197
2026-09-28T20:15:29.163+00:00,agent,fwd,396,OK,0.167
2026-09-28T20:15:29.371+00:00,agent,fwd,397,OK,0.201
2026-09-28T20:15:29.576+00:00,agent,fwd,398,OK,0.211
2026-09-28T20:15:29.779+00:00,agent,fwd,399,OK,0.140
2026-09-28T20:15:29.987+00:00,agent,fwd,400,OK,0.204
2026-09-28T20:15:30.191+00:00,agent,fwd,401,OK,0.185
2026-09-28T20:15:30.396+00:00,agent,fwd,402,OK,0.203
2026-09-28T20:15:30.599+00:00,agent,fwd,403,OK,0.127
2026-09-28T20:15:30.803+00:00,agent,fwd,404,OK,0.288
2026-09-28T20:15:31.007+00:00,agent,fwd,405,OK,0.129
2026-09-28T20:15:31.211+00:00,agent,fwd,406,OK,0.240
2026-09-28T20:15:31.415+00:00,agent,fwd,407,OK,0.186
2026-09-28T20:15:31.623+00:00,agent,fwd,408,OK,0.202
2026-09-28T20:15:31.827+00:00,agent,fwd,409,OK,0.220
2026-09-28T20:15:32.031+00:00,agent,fwd,410,OK,0.132
2026-09-28T20:15:32.235+00:00,agent,fwd,411,OK,0.142
2026-09-28T20:15:32.439+00:00,agent,fwd,412,OK,0.227
2026-09-28T20:15:32.643+00:00,agent,fwd,413,OK,0.177
2026-09-28T20:15:32.847+00:00,agent,fwd,414,OK,0.245
2026-09-28T20:15:33.051+00:00,agent,fwd,415,OK,0.351
2026-09-28T20:15:33.255+00:00,agent,fwd,416,OK,0.229
2026-09-28T20:15:33.459+00:00,agent,fwd,417,OK,0.221
2026-09-28T20:15:33.663+00:00,agent,fwd,418,OK,0.211
2026-09-28T20:15:33.867+00:00,agent,fwd,419,OK,0.199
2026-09-28T20:15:34.071+00:00,agent,fwd,420,OK,0.216
2026-09-28T20:15:34.275+00:00,agent,fwd,421,OK,0.258
2026-09-28T20:15:34.480+00:00,agent,fwd,422,OK,0.563
2026-09-28T20:15:34.687+00:00,agent,fwd,423,OK,0.220
2026-09-28T20:15:34.895+00:00,agent,fwd,424,OK,0.309
2026-09-28T20:15:35.103+00:00,agent,fwd,425,OK,0.190
2026-09-28T20:15:35.307+00:00,agent,fwd,426,OK,0.255
2026-09-28T20:15:35.511+00:00,agent,fwd,427,OK,0.286
2026-09-28T20:15:35.715+00:00,agent,fwd,428,OK,0.233
2026-09-28T20:15:35.923+00:00,agent,fwd,429,OK,0.320
2026-09-28T20:15:36.127+00:00,agent,fwd,430,OK,0.268
2026-09-28T20:15:36.332+00:00,agent,fwd,431,OK,0.230
2026-09-28T20:15:36.539+00:00,agent,fwd,432,OK,0.247
2026-09-28T20:15:36.744+00:00,agent,fwd,433,OK,0.237
2026-09-28T20:15:36.947+00:00,agent,fwd,434,OK,0.232
2026-09-28T20:15:37.156+00:00,agent,fwd,435,OK,0.213
2026-09-28T20:15:37.359+00:00,agent,fwd,436,OK,0.219
2026-09-28T20:15:37.567+00:00,agent,fwd,437,OK,0.163
2026-09-28T20:15:37.772+00:00,agent,fwd,438,OK,0.256
2026-09-28T20:15:37.976+00:00,agent,fwd,439,OK,0.140
2026-09-28T20:15:38.179+00:00,agent,fwd,440,OK,0.254
2026-09-28T20:15:38.383+00:00,agent,fwd,441,OK,0.242
2026-09-28T20:15:38.591+00:00,agent,fwd,442,OK,0.174
2026-09-28T20:15:38.795+00:00,agent,fwd,443,OK,0.196
2026-09-28T20:15:38.999+00:00,agent,fwd,444,OK,0.200
2026-09-28T20:15:39.203+00:00,agent,fwd,445,OK,0.193
2026-09-28T20:15:39.407+00:00,agent,fwd,446,OK,0.273
2026-09-28T20:15:39.611+00:00,agent,fwd,447,OK,0.207
2026-09-28T20:15:39.815+00:00,agent,fwd,448,OK,0.222
2026-09-28T20:15:40.019+00:00,agent,fwd,449,OK,0.210
2026-09-28T20:15:40.223+00:00,agent,fwd,450,OK,0.248
2026-09-28T20:15:40.431+00:00,agent,fwd,451,OK,0.203
2026-09-28T20:15:40.635+00:00,agent,fwd,452,OK,0.236
2026-09-28T20:15:40.846+00:00,agent,fwd,453,OK,0.239
2026-09-28T20:15:41.048+00:00,agent,fwd,454,OK,0.178
2026-09-28T20:15:41.251+00:00,agent,fwd,455,OK,0.190
2026-09-28T20:15:41.455+00:00,agent,fwd,456,OK,0.166
2026-09-28T20:15:41.664+00:00,agent,fwd,457,OK,0.262
2026-09-28T20:15:41.867+00:00,agent,fwd,458,OK,0.226
2026-09-28T20:15:42.075+00:00,agent,fwd,459,OK,0.229
2026-09-28T20:15:42.283+00:00,agent,fwd,460,OK,0.167
2026-09-28T20:15:42.487+00:00,agent,fwd,461,OK,0.220
2026-09-28T20:15:42.691+00:00,agent,fwd,462,OK,0.207
2026-09-28T20:15:42.895+00:00,agent,fwd,463,OK,0.161
2026-09-28T20:15:43.100+00:00,agent,fwd,464,OK,0.297
2026-09-28T20:15:43.304+00:00,agent,fwd,465,OK,0.196
2026-09-28T20:15:43.507+00:00,agent,fwd,466,OK,0.147
2026-09-28T20:15:43.711+00:00,agent,fwd,467,OK,0.156
2026-09-28T20:15:43.915+00:00,agent,fwd,468,OK,0.163
2026-09-28T20:15:44.125+00:00,agent,fwd,469,OK,0.193
2026-09-28T20:13:05.522+00:00,agent,rev,1,OK,0.346
2026-09-28T20:13:05.723+00:00,agent,rev,2,OK,0.281
2026-09-28T20:13:05.927+00:00,agent,rev,3,OK,0.229
2026-09-28T20:13:06.131+00:00,agent,rev,4,OK,0.164
2026-09-28T20:13:06.335+00:00,agent,rev,5,OK,0.159
2026-09-28T20:13:06.539+00:00,agent,rev,6,OK,0.235
2026-09-28T20:13:06.743+00:00,agent,rev,7,OK,0.165
2026-09-28T20:13:06.947+00:00,agent,rev,8,OK,0.195
2026-09-28T20:13:07.151+00:00,agent,rev,9,OK,0.182
2026-09-28T20:13:07.355+00:00,agent,rev,10,OK,0.210
2026-09-28T20:13:07.559+00:00,agent,rev,11,OK,0.169
2026-09-28T20:13:07.763+00:00,agent,rev,12,OK,0.161
2026-09-28T20:13:07.967+00:00,agent,rev,13,OK,0.182
2026-09-28T20:13:08.171+00:00,agent,rev,14,OK,0.284
2026-09-28T20:13:08.375+00:00,agent,rev,15,OK,0.178
2026-09-28T20:13:08.579+00:00,agent,rev,16,OK,0.145
2026-09-28T20:13:08.783+00:00,agent,rev,17,OK,0.132
2026-09-28T20:13:08.987+00:00,agent,rev,18,OK,0.199
2026-09-28T20:13:09.191+00:00,agent,rev,19,OK,0.170
2026-09-28T20:13:33.756+00:00,agent,rev,124,FAIL,
2026-09-28T20:13:33.756+00:00,agent,rev,125,FAIL,
2026-09-28T20:13:33.756+00:00,agent,rev,126,FAIL,
2026-09-28T20:13:33.756+00:00,agent,rev,127,FAIL,
2026-09-28T20:13:33.756+00:00,agent,rev,128,FAIL,
2026-09-28T20:13:33.756+00:00,agent,rev,129,FAIL,
2026-09-28T20:13:36.828+00:00,agent,rev,139,FAIL,
2026-09-28T20:13:36.828+00:00,agent,rev,140,FAIL,
2026-09-28T20:13:36.828+00:00,agent,rev,141,FAIL,
2026-09-28T20:13:39.900+00:00,agent,rev,154,FAIL,
2026-09-28T20:13:39.900+00:00,agent,rev,155,FAIL,
2026-09-28T20:13:39.900+00:00,agent,rev,156,FAIL,
2026-09-28T20:13:43.163+00:00,agent,rev,170,FAIL,
2026-09-28T20:13:43.163+00:00,agent,rev,171,FAIL,
2026-09-28T20:13:43.163+00:00,agent,rev,172,FAIL,
2026-09-28T20:13:46.235+00:00,agent,rev,186,FAIL,
2026-09-28T20:13:46.235+00:00,agent,rev,187,FAIL,
2026-09-28T20:13:46.235+00:00,agent,rev,188,FAIL,
2026-09-28T20:13:49.499+00:00,agent,rev,201,FAIL,
2026-09-28T20:13:49.499+00:00,agent,rev,202,FAIL,
2026-09-28T20:13:49.499+00:00,agent,rev,203,FAIL,
2026-09-28T20:13:52.572+00:00,agent,rev,216,FAIL,
2026-09-28T20:13:52.572+00:00,agent,rev,217,FAIL,
2026-09-28T20:13:52.572+00:00,agent,rev,218,FAIL,
2026-09-28T20:13:55.647+00:00,agent,rev,232,FAIL,
2026-09-28T20:13:55.648+00:00,agent,rev,233,FAIL,
2026-09-28T20:13:55.648+00:00,agent,rev,234,FAIL,
2026-09-28T20:13:58.916+00:00,agent,rev,247,FAIL,
2026-09-28T20:13:58.917+00:00,agent,rev,248,FAIL,
2026-09-28T20:13:58.917+00:00,agent,rev,249,FAIL,
2026-09-28T20:13:58.917+00:00,agent,rev,250,FAIL,
2026-09-28T20:14:02.171+00:00,agent,rev,263,FAIL,
2026-09-28T20:14:02.171+00:00,agent,rev,264,FAIL,
2026-09-28T20:14:02.172+00:00,agent,rev,265,FAIL,
2026-09-28T20:14:05.248+00:00,agent,rev,278,FAIL,
2026-09-28T20:14:05.248+00:00,agent,rev,279,FAIL,
2026-09-28T20:14:05.248+00:00,agent,rev,280,FAIL,
2026-09-28T20:14:08.315+00:00,agent,rev,293,FAIL,
2026-09-28T20:14:08.315+00:00,agent,rev,294,FAIL,
2026-09-28T20:14:08.315+00:00,agent,rev,295,FAIL,
2026-09-28T20:14:11.387+00:00,agent,rev,308,FAIL,
2026-09-28T20:14:11.387+00:00,agent,rev,309,FAIL,
2026-09-28T20:14:11.387+00:00,agent,rev,310,FAIL,
2026-09-28T20:14:14.459+00:00,agent,rev,323,FAIL,
2026-09-28T20:14:14.459+00:00,agent,rev,324,FAIL,
2026-09-28T20:14:14.459+00:00,agent,rev,325,FAIL,
2026-09-28T20:14:17.723+00:00,agent,rev,339,FAIL,
2026-09-28T20:14:17.723+00:00,agent,rev,340,FAIL,
2026-09-28T20:14:17.723+00:00,agent,rev,341,FAIL,
2026-09-28T20:14:20.987+00:00,agent,rev,355,FAIL,
2026-09-28T20:14:20.987+00:00,agent,rev,356,FAIL,
2026-09-28T20:14:20.987+00:00,agent,rev,357,FAIL,
2026-09-28T20:14:20.987+00:00,agent,rev,358,FAIL,
2026-09-28T20:14:24.059+00:00,agent,rev,370,FAIL,
2026-09-28T20:14:24.059+00:00,agent,rev,371,FAIL,
2026-09-28T20:14:24.059+00:00,agent,rev,372,FAIL,
2026-09-28T20:14:27.324+00:00,agent,rev,386,FAIL,
2026-09-28T20:14:27.324+00:00,agent,rev,387,FAIL,
2026-09-28T20:14:27.324+00:00,agent,rev,388,FAIL,
2026-09-28T20:14:30.587+00:00,agent,rev,402,FAIL,
2026-09-28T20:14:30.587+00:00,agent,rev,403,FAIL,
2026-09-28T20:14:30.587+00:00,agent,rev,404,FAIL,
2026-09-28T20:14:33.659+00:00,agent,rev,417,FAIL,
2026-09-28T20:14:33.659+00:00,agent,rev,418,FAIL,
2026-09-28T20:14:33.659+00:00,agent,rev,419,FAIL,
2026-09-28T20:14:36.731+00:00,agent,rev,433,FAIL,
2026-09-28T20:14:36.731+00:00,agent,rev,434,FAIL,
2026-09-28T20:14:36.731+00:00,agent,rev,435,FAIL,
2026-09-28T20:14:39.807+00:00,agent,rev,447,FAIL,
2026-09-28T20:14:39.808+00:00,agent,rev,448,FAIL,
2026-09-28T20:14:39.808+00:00,agent,rev,449,FAIL,
2026-09-28T20:14:39.808+00:00,agent,rev,450,FAIL,
2026-09-28T20:14:43.067+00:00,agent,rev,463,FAIL,
2026-09-28T20:14:43.067+00:00,agent,rev,464,FAIL,
2026-09-28T20:14:43.067+00:00,agent,rev,465,FAIL,
2026-09-28T20:14:46.139+00:00,agent,rev,478,FAIL,
2026-09-28T20:14:46.139+00:00,agent,rev,479,FAIL,
2026-09-28T20:14:46.139+00:00,agent,rev,480,FAIL,
2026-09-28T20:14:49.403+00:00,agent,rev,494,FAIL,
2026-09-28T20:14:49.403+00:00,agent,rev,495,FAIL,
2026-09-28T20:14:49.403+00:00,agent,rev,496,FAIL,
2026-09-28T20:14:52.475+00:00,agent,rev,509,FAIL,
2026-09-28T20:14:52.475+00:00,agent,rev,510,FAIL,
2026-09-28T20:14:52.475+00:00,agent,rev,511,FAIL,
2026-09-28T20:14:55.547+00:00,agent,rev,524,FAIL,
2026-09-28T20:14:55.547+00:00,agent,rev,525,FAIL,
2026-09-28T20:14:55.547+00:00,agent,rev,526,FAIL,
2026-09-28T20:14:58.623+00:00,agent,rev,539,FAIL,
2026-09-28T20:14:58.623+00:00,agent,rev,540,FAIL,
2026-09-28T20:14:58.623+00:00,agent,rev,541,FAIL,
2026-09-28T20:15:01.883+00:00,agent,rev,555,FAIL,
2026-09-28T20:15:01.883+00:00,agent,rev,556,FAIL,
2026-09-28T20:15:01.883+00:00,agent,rev,557,FAIL,
2026-09-28T20:15:01.883+00:00,agent,rev,558,FAIL,
2026-09-28T20:15:05.147+00:00,agent,rev,571,FAIL,
2026-09-28T20:15:05.147+00:00,agent,rev,572,FAIL,
2026-09-28T20:15:05.147+00:00,agent,rev,573,FAIL,
2026-09-28T20:15:08.219+00:00,agent,rev,586,FAIL,
2026-09-28T20:15:08.220+00:00,agent,rev,587,FAIL,
2026-09-28T20:15:08.220+00:00,agent,rev,588,FAIL,
2026-09-28T20:15:11.484+00:00,agent,rev,602,FAIL,
2026-09-28T20:15:11.484+00:00,agent,rev,603,FAIL,
2026-09-28T20:15:11.484+00:00,agent,rev,604,FAIL,
2026-09-28T20:15:14.747+00:00,agent,rev,618,FAIL,
2026-09-28T20:15:14.747+00:00,agent,rev,619,FAIL,
2026-09-28T20:15:14.747+00:00,agent,rev,620,FAIL,
2026-09-28T20:15:17.824+00:00,agent,rev,633,FAIL,
2026-09-28T20:15:17.824+00:00,agent,rev,634,FAIL,
2026-09-28T20:15:20.987+00:00,agent,rev,649,FAIL,
2026-09-28T20:15:24.060+00:00,agent,rev,664,FAIL,
2026-09-28T20:15:26.595+00:00,agent,rev,691,OK,0.455
2026-09-28T20:15:26.799+00:00,agent,rev,692,OK,0.116
2026-09-28T20:15:27.003+00:00,agent,rev,693,OK,0.151
2026-09-28T20:15:27.196+00:00,agent,rev,679,FAIL,
2026-09-28T20:15:27.196+00:00,agent,rev,680,FAIL,
2026-09-28T20:15:27.203+00:00,agent,rev,694,OK,0.123
2026-09-28T20:15:27.407+00:00,agent,rev,695,OK,0.114
2026-09-28T20:15:27.612+00:00,agent,rev,696,OK,0.107
2026-09-28T20:15:27.815+00:00,agent,rev,697,OK,0.117
2026-09-28T20:15:28.019+00:00,agent,rev,698,OK,0.110
2026-09-28T20:15:28.223+00:00,agent,rev,699,OK,0.210
2026-09-28T20:15:28.427+00:00,agent,rev,700,OK,0.128
2026-09-28T20:15:28.632+00:00,agent,rev,701,OK,0.238
2026-09-28T20:15:28.835+00:00,agent,rev,702,OK,0.224
2026-09-28T20:15:29.039+00:00,agent,rev,703,OK,0.158
2026-09-28T20:15:29.243+00:00,agent,rev,704,OK,0.191
2026-09-28T20:15:29.447+00:00,agent,rev,705,OK,0.218
2026-09-28T20:15:29.651+00:00,agent,rev,706,OK,0.267
2026-09-28T20:15:29.855+00:00,agent,rev,707,OK,0.222
2026-09-28T20:15:30.060+00:00,agent,rev,708,OK,0.338
2026-09-28T20:15:30.263+00:00,agent,rev,709,OK,0.183
2026-09-28T20:15:30.467+00:00,agent,rev,710,OK,0.117
2026-09-28T20:15:30.671+00:00,agent,rev,711,OK,0.130
2026-09-28T20:15:30.875+00:00,agent,rev,712,OK,0.217
2026-09-28T20:15:31.079+00:00,agent,rev,713,OK,0.123
2026-09-28T20:15:31.283+00:00,agent,rev,714,OK,0.134
2026-09-28T20:15:31.487+00:00,agent,rev,715,OK,0.125
2026-09-28T20:15:31.691+00:00,agent,rev,716,OK,0.192
2026-09-28T20:15:31.895+00:00,agent,rev,717,OK,0.231
2026-09-28T20:15:32.099+00:00,agent,rev,718,OK,0.197
2026-09-28T20:15:32.303+00:00,agent,rev,719,OK,0.136
2026-09-28T20:15:32.507+00:00,agent,rev,720,OK,0.202
2026-09-28T20:15:32.711+00:00,agent,rev,721,OK,0.296
2026-09-28T20:15:32.916+00:00,agent,rev,722,OK,0.231
2026-09-28T20:15:33.119+00:00,agent,rev,723,OK,0.268
2026-09-28T20:15:33.323+00:00,agent,rev,724,OK,0.246
2026-09-28T20:15:33.529+00:00,agent,rev,725,OK,0.221
2026-09-28T20:15:33.732+00:00,agent,rev,726,OK,0.194
2026-09-28T20:15:33.941+00:00,agent,rev,727,OK,0.180
2026-09-28T20:15:34.147+00:00,agent,rev,728,OK,0.294
2026-09-28T20:15:34.356+00:00,agent,rev,729,OK,0.260
2026-09-28T20:15:34.559+00:00,agent,rev,730,OK,0.241
2026-09-28T20:15:34.763+00:00,agent,rev,731,OK,0.288
2026-09-28T20:15:34.971+00:00,agent,rev,732,OK,0.231
2026-09-28T20:15:35.175+00:00,agent,rev,733,OK,0.224
2026-09-28T20:15:35.380+00:00,agent,rev,734,OK,0.220
2026-09-28T20:15:35.583+00:00,agent,rev,735,OK,0.268
2026-09-28T20:15:35.787+00:00,agent,rev,736,OK,0.210
2026-09-28T20:15:35.995+00:00,agent,rev,737,OK,0.244
2026-09-28T20:15:36.199+00:00,agent,rev,738,OK,0.237
2026-09-28T20:15:36.407+00:00,agent,rev,739,OK,0.249
2026-09-28T20:15:36.611+00:00,agent,rev,740,OK,0.323
2026-09-28T20:15:36.819+00:00,agent,rev,741,OK,0.243
2026-09-28T20:15:37.027+00:00,agent,rev,742,OK,0.265
2026-09-28T20:15:37.231+00:00,agent,rev,743,OK,0.252
2026-09-28T20:15:37.435+00:00,agent,rev,744,OK,0.279
2026-09-28T20:15:37.643+00:00,agent,rev,745,OK,0.312
2026-09-28T20:15:37.847+00:00,agent,rev,746,OK,0.246
2026-09-28T20:15:38.052+00:00,agent,rev,747,OK,0.324
2026-09-28T20:15:38.260+00:00,agent,rev,748,OK,0.593
2026-09-28T20:15:38.467+00:00,agent,rev,749,OK,0.242
2026-09-28T20:15:38.671+00:00,agent,rev,750,OK,0.236
2026-09-28T20:15:38.875+00:00,agent,rev,751,OK,0.197
2026-09-28T20:15:39.079+00:00,agent,rev,752,OK,0.318
2026-09-28T20:15:39.287+00:00,agent,rev,753,OK,0.291
2026-09-28T20:15:39.491+00:00,agent,rev,754,OK,0.234
2026-09-28T20:15:39.695+00:00,agent,rev,755,OK,0.227
2026-09-28T20:15:39.899+00:00,agent,rev,756,OK,0.247
2026-09-28T20:15:40.103+00:00,agent,rev,757,OK,0.198
2026-09-28T20:15:40.307+00:00,agent,rev,758,OK,0.232
2026-09-28T20:15:40.511+00:00,agent,rev,759,OK,0.187
2026-09-28T20:15:40.715+00:00,agent,rev,760,OK,0.211
2026-09-28T20:15:40.923+00:00,agent,rev,761,OK,0.239
2026-09-28T20:15:41.131+00:00,agent,rev,762,OK,0.229
2026-09-28T20:15:41.340+00:00,agent,rev,763,OK,0.250
2026-09-28T20:15:41.543+00:00,agent,rev,764,OK,0.229
2026-09-28T20:15:41.747+00:00,agent,rev,765,OK,0.274
2026-09-28T20:15:41.951+00:00,agent,rev,766,OK,0.212
2026-09-28T20:15:42.155+00:00,agent,rev,767,OK,0.159
2026-09-28T20:15:42.363+00:00,agent,rev,768,OK,0.192
2026-09-28T20:15:42.571+00:00,agent,rev,769,OK,0.246
2026-09-28T20:15:42.779+00:00,agent,rev,770,OK,0.183
2026-09-28T20:15:42.983+00:00,agent,rev,771,OK,0.194
2026-09-28T20:15:43.187+00:00,agent,rev,772,OK,0.177
2026-09-28T20:15:43.391+00:00,agent,rev,773,OK,0.277
2026-09-28T20:15:43.595+00:00,agent,rev,774,OK,0.234
2026-09-28T20:15:43.803+00:00,agent,rev,775,OK,0.233
2026-09-28T20:15:44.011+00:00,agent,rev,776,OK,0.159
2026-09-28T20:15:44.219+00:00,agent,rev,777,OK,0.331
2026-09-28T20:15:44.423+00:00,agent,rev,778,OK,0.249
2026-09-28T20:13:05.701+00:00,ospf,fwd,1,OK,0.362
2026-09-28T20:13:05.903+00:00,ospf,fwd,2,OK,0.232
2026-09-28T20:13:06.107+00:00,ospf,fwd,3,OK,0.299
2026-09-28T20:13:06.311+00:00,ospf,fwd,4,OK,0.370
2026-09-28T20:13:06.516+00:00,ospf,fwd,5,OK,0.229
2026-09-28T20:13:06.719+00:00,ospf,fwd,6,OK,0.192
2026-09-28T20:13:06.923+00:00,ospf,fwd,7,OK,0.194
2026-09-28T20:13:07.127+00:00,ospf,fwd,8,OK,0.191
2026-09-28T20:13:07.331+00:00,ospf,fwd,9,OK,0.188
2026-09-28T20:13:07.535+00:00,ospf,fwd,10,OK,0.247
2026-09-28T20:13:07.739+00:00,ospf,fwd,11,OK,0.345
2026-09-28T20:13:07.943+00:00,ospf,fwd,12,OK,0.333
2026-09-28T20:13:08.147+00:00,ospf,fwd,13,OK,0.211
2026-09-28T20:13:08.351+00:00,ospf,fwd,14,OK,0.260
2026-09-28T20:13:08.555+00:00,ospf,fwd,15,OK,0.170
2026-09-28T20:13:08.759+00:00,ospf,fwd,16,OK,0.151
2026-09-28T20:13:08.967+00:00,ospf,fwd,17,OK,0.207
2026-09-28T20:13:09.171+00:00,ospf,fwd,18,OK,0.313
2026-09-28T20:13:09.375+00:00,ospf,fwd,19,OK,0.216
2026-09-28T20:13:09.584+00:00,ospf,fwd,20,OK,0.218
2026-09-28T20:13:09.791+00:00,ospf,fwd,21,OK,0.231
2026-09-28T20:13:42.719+00:00,ospf,fwd,182,OK,0.170
2026-09-28T20:13:42.923+00:00,ospf,fwd,183,OK,0.154
2026-09-28T20:13:43.127+00:00,ospf,fwd,184,OK,0.188
2026-09-28T20:13:43.336+00:00,ospf,fwd,185,OK,0.134
2026-09-28T20:13:43.539+00:00,ospf,fwd,186,OK,0.166
2026-09-28T20:13:43.743+00:00,ospf,fwd,187,OK,0.172
2026-09-28T20:13:43.947+00:00,ospf,fwd,188,OK,0.189
2026-09-28T20:13:44.155+00:00,ospf,fwd,189,OK,0.191
2026-09-28T20:13:44.359+00:00,ospf,fwd,190,OK,0.141
2026-09-28T20:13:44.563+00:00,ospf,fwd,191,OK,0.142
2026-09-28T20:13:44.767+00:00,ospf,fwd,192,OK,0.094
2026-09-28T20:13:44.971+00:00,ospf,fwd,193,OK,0.100
2026-09-28T20:13:45.175+00:00,ospf,fwd,194,OK,0.115
2026-09-28T20:13:45.379+00:00,ospf,fwd,195,OK,0.148
2026-09-28T20:13:45.583+00:00,ospf,fwd,196,OK,0.101
2026-09-28T20:13:45.787+00:00,ospf,fwd,197,OK,0.441
2026-09-28T20:13:45.991+00:00,ospf,fwd,198,OK,0.117
2026-09-28T20:13:46.195+00:00,ospf,fwd,199,OK,0.134
2026-09-28T20:13:46.403+00:00,ospf,fwd,200,OK,0.091
2026-09-28T20:13:46.607+00:00,ospf,fwd,201,OK,0.142
2026-09-28T20:13:46.811+00:00,ospf,fwd,202,OK,0.157
2026-09-28T20:13:47.015+00:00,ospf,fwd,203,OK,0.121
2026-09-28T20:13:47.219+00:00,ospf,fwd,204,OK,0.166
2026-09-28T20:13:47.423+00:00,ospf,fwd,205,OK,0.161
2026-09-28T20:13:47.627+00:00,ospf,fwd,206,OK,0.113
2026-09-28T20:13:47.831+00:00,ospf,fwd,207,OK,0.211
2026-09-28T20:13:48.035+00:00,ospf,fwd,208,OK,0.136
2026-09-28T20:13:48.243+00:00,ospf,fwd,209,OK,0.154
2026-09-28T20:13:48.448+00:00,ospf,fwd,210,OK,0.194
2026-09-28T20:13:48.652+00:00,ospf,fwd,211,OK,0.216
2026-09-28T20:13:48.855+00:00,ospf,fwd,212,OK,0.122
2026-09-28T20:13:49.059+00:00,ospf,fwd,213,OK,0.084
2026-09-28T20:13:49.263+00:00,ospf,fwd,214,OK,0.092
2026-09-28T20:13:49.467+00:00,ospf,fwd,215,OK,0.083
2026-09-28T20:13:49.671+00:00,ospf,fwd,216,OK,0.114
2026-09-28T20:13:49.875+00:00,ospf,fwd,217,OK,0.087
2026-09-28T20:13:50.083+00:00,ospf,fwd,218,OK,0.103
2026-09-28T20:13:50.291+00:00,ospf,fwd,219,OK,0.099
2026-09-28T20:13:50.497+00:00,ospf,fwd,220,OK,0.182
2026-09-28T20:13:50.699+00:00,ospf,fwd,221,OK,0.141
2026-09-28T20:13:50.903+00:00,ospf,fwd,222,OK,0.220
2026-09-28T20:13:51.107+00:00,ospf,fwd,223,OK,0.131
2026-09-28T20:13:51.311+00:00,ospf,fwd,224,OK,0.138
2026-09-28T20:13:51.520+00:00,ospf,fwd,225,OK,0.147
2026-09-28T20:13:51.723+00:00,ospf,fwd,226,OK,0.407
2026-09-28T20:13:51.929+00:00,ospf,fwd,227,OK,0.960
2026-09-28T20:13:52.129+00:00,ospf,fwd,228,OK,0.086
2026-09-28T20:13:52.331+00:00,ospf,fwd,229,OK,0.132
2026-09-28T20:13:52.539+00:00,ospf,fwd,230,OK,0.092
2026-09-28T20:13:52.747+00:00,ospf,fwd,231,OK,0.110
2026-09-28T20:13:52.951+00:00,ospf,fwd,232,OK,0.083
2026-09-28T20:13:53.159+00:00,ospf,fwd,233,OK,0.085
2026-09-28T20:13:53.363+00:00,ospf,fwd,234,OK,0.145
2026-09-28T20:13:53.571+00:00,ospf,fwd,235,OK,0.154
2026-09-28T20:13:53.775+00:00,ospf,fwd,236,OK,0.147
2026-09-28T20:13:53.979+00:00,ospf,fwd,237,OK,0.168
2026-09-28T20:13:54.183+00:00,ospf,fwd,238,OK,0.166
2026-09-28T20:13:54.387+00:00,ospf,fwd,239,OK,0.118
2026-09-28T20:13:54.595+00:00,ospf,fwd,240,OK,0.180
2026-09-28T20:13:54.799+00:00,ospf,fwd,241,OK,0.137
2026-09-28T20:13:55.003+00:00,ospf,fwd,242,OK,0.134
2026-09-28T20:13:55.207+00:00,ospf,fwd,243,OK,0.148
2026-09-28T20:13:55.411+00:00,ospf,fwd,244,OK,0.156
2026-09-28T20:13:55.615+00:00,ospf,fwd,245,OK,0.255
2026-09-28T20:13:55.819+00:00,ospf,fwd,246,OK,0.142
2026-09-28T20:13:56.023+00:00,ospf,fwd,247,OK,0.104
2026-09-28T20:13:56.227+00:00,ospf,fwd,248,OK,0.200
2026-09-28T20:13:56.431+00:00,ospf,fwd,249,OK,0.228
2026-09-28T20:13:56.635+00:00,ospf,fwd,250,OK,0.123
2026-09-28T20:13:56.839+00:00,ospf,fwd,251,OK,0.151
2026-09-28T20:13:57.043+00:00,ospf,fwd,252,OK,0.140
2026-09-28T20:13:57.247+00:00,ospf,fwd,253,OK,0.169
2026-09-28T20:13:57.451+00:00,ospf,fwd,254,OK,0.138
2026-09-28T20:13:57.659+00:00,ospf,fwd,255,OK,0.142
2026-09-28T20:13:57.863+00:00,ospf,fwd,256,OK,0.147
2026-09-28T20:13:58.067+00:00,ospf,fwd,257,OK,0.175
2026-09-28T20:13:58.271+00:00,ospf,fwd,258,OK,0.186
2026-09-28T20:13:58.480+00:00,ospf,fwd,259,OK,0.235
2026-09-28T20:13:58.683+00:00,ospf,fwd,260,OK,0.194
2026-09-28T20:13:58.887+00:00,ospf,fwd,261,OK,0.162
2026-09-28T20:13:59.091+00:00,ospf,fwd,262,OK,0.135
2026-09-28T20:13:59.295+00:00,ospf,fwd,263,OK,0.123
2026-09-28T20:13:59.499+00:00,ospf,fwd,264,OK,0.097
2026-09-28T20:13:59.703+00:00,ospf,fwd,265,OK,0.149
2026-09-28T20:13:59.911+00:00,ospf,fwd,266,OK,0.139
2026-09-28T20:14:00.119+00:00,ospf,fwd,267,OK,0.135
2026-09-28T20:14:00.323+00:00,ospf,fwd,268,OK,0.124
2026-09-28T20:14:00.527+00:00,ospf,fwd,269,OK,0.104
2026-09-28T20:14:00.731+00:00,ospf,fwd,270,OK,0.100
2026-09-28T20:14:00.935+00:00,ospf,fwd,271,OK,0.104
2026-09-28T20:14:01.139+00:00,ospf,fwd,272,OK,0.180
2026-09-28T20:14:01.343+00:00,ospf,fwd,273,OK,0.129
2026-09-28T20:14:01.547+00:00,ospf,fwd,274,OK,0.158
2026-09-28T20:14:01.751+00:00,ospf,fwd,275,OK,0.150
2026-09-28T20:14:01.955+00:00,ospf,fwd,276,OK,0.116
2026-09-28T20:14:02.159+00:00,ospf,fwd,277,OK,0.132
2026-09-28T20:14:02.363+00:00,ospf,fwd,278,OK,0.121
2026-09-28T20:14:02.567+00:00,ospf,fwd,279,OK,0.090
2026-09-28T20:14:02.775+00:00,ospf,fwd,280,OK,0.178
2026-09-28T20:14:02.979+00:00,ospf,fwd,281,OK,0.149
2026-09-28T20:14:03.183+00:00,ospf,fwd,282,OK,0.093
2026-09-28T20:14:03.392+00:00,ospf,fwd,283,OK,0.097
2026-09-28T20:14:03.595+00:00,ospf,fwd,284,OK,0.087
2026-09-28T20:14:03.799+00:00,ospf,fwd,285,OK,0.105
2026-09-28T20:14:04.003+00:00,ospf,fwd,286,OK,0.102
2026-09-28T20:14:04.207+00:00,ospf,fwd,287,OK,0.425
2026-09-28T20:14:04.411+00:00,ospf,fwd,288,OK,0.134
2026-09-28T20:14:04.615+00:00,ospf,fwd,289,OK,0.117
2026-09-28T20:14:04.819+00:00,ospf,fwd,290,OK,0.168
2026-09-28T20:14:05.023+00:00,ospf,fwd,291,OK,0.192
2026-09-28T20:14:05.231+00:00,ospf,fwd,292,OK,0.171
2026-09-28T20:14:05.435+00:00,ospf,fwd,293,OK,0.141
2026-09-28T20:14:05.639+00:00,ospf,fwd,294,OK,0.146
2026-09-28T20:14:05.843+00:00,ospf,fwd,295,OK,0.181
2026-09-28T20:14:06.051+00:00,ospf,fwd,296,OK,0.189
2026-09-28T20:14:06.255+00:00,ospf,fwd,297,OK,0.118
2026-09-28T20:14:06.459+00:00,ospf,fwd,298,OK,0.081
2026-09-28T20:14:06.663+00:00,ospf,fwd,299,OK,0.082
2026-09-28T20:14:06.867+00:00,ospf,fwd,300,OK,0.128
2026-09-28T20:14:07.071+00:00,ospf,fwd,301,OK,0.093
2026-09-28T20:14:07.275+00:00,ospf,fwd,302,OK,0.153
2026-09-28T20:14:07.479+00:00,ospf,fwd,303,OK,0.396
2026-09-28T20:14:07.683+00:00,ospf,fwd,304,OK,0.090
2026-09-28T20:14:07.887+00:00,ospf,fwd,305,OK,0.121
2026-09-28T20:14:08.091+00:00,ospf,fwd,306,OK,0.078
2026-09-28T20:14:08.295+00:00,ospf,fwd,307,OK,0.245
2026-09-28T20:14:08.499+00:00,ospf,fwd,308,OK,0.094
2026-09-28T20:14:08.707+00:00,ospf,fwd,309,OK,0.119
2026-09-28T20:14:08.911+00:00,ospf,fwd,310,OK,0.080
2026-09-28T20:14:09.115+00:00,ospf,fwd,311,OK,0.103
2026-09-28T20:14:09.319+00:00,ospf,fwd,312,OK,0.091
2026-09-28T20:14:09.523+00:00,ospf,fwd,313,OK,0.097
2026-09-28T20:14:09.727+00:00,ospf,fwd,314,OK,0.146
2026-09-28T20:14:09.931+00:00,ospf,fwd,315,OK,0.131
2026-09-28T20:14:10.135+00:00,ospf,fwd,316,OK,0.113
2026-09-28T20:14:10.339+00:00,ospf,fwd,317,OK,0.085
2026-09-28T20:14:10.543+00:00,ospf,fwd,318,OK,0.166
2026-09-28T20:14:10.747+00:00,ospf,fwd,319,OK,0.098
2026-09-28T20:14:10.951+00:00,ospf,fwd,320,OK,0.145
2026-09-28T20:14:11.155+00:00,ospf,fwd,321,OK,0.095
2026-09-28T20:14:11.363+00:00,ospf,fwd,322,OK,0.161
2026-09-28T20:14:11.567+00:00,ospf,fwd,323,OK,0.090
2026-09-28T20:14:11.771+00:00,ospf,fwd,324,OK,0.117
2026-09-28T20:14:11.975+00:00,ospf,fwd,325,OK,0.168
2026-09-28T20:14:12.179+00:00,ospf,fwd,326,OK,0.158
2026-09-28T20:14:12.389+00:00,ospf,fwd,327,OK,0.309
2026-09-28T20:14:12.590+00:00,ospf,fwd,328,OK,0.168
2026-09-28T20:14:12.791+00:00,ospf,fwd,329,OK,0.146
2026-09-28T20:14:12.999+00:00,ospf,fwd,330,OK,0.144
2026-09-28T20:14:13.203+00:00,ospf,fwd,331,OK,0.164
2026-09-28T20:14:13.411+00:00,ospf,fwd,332,OK,0.090
2026-09-28T20:14:13.619+00:00,ospf,fwd,333,OK,0.089
2026-09-28T20:14:13.823+00:00,ospf,fwd,334,OK,0.136
2026-09-28T20:14:14.027+00:00,ospf,fwd,335,OK,0.121
2026-09-28T20:14:14.231+00:00,ospf,fwd,336,OK,0.125
2026-09-28T20:14:14.435+00:00,ospf,fwd,337,OK,0.107
2026-09-28T20:14:14.639+00:00,ospf,fwd,338,OK,0.119
2026-09-28T20:14:14.843+00:00,ospf,fwd,339,OK,0.158
2026-09-28T20:14:15.047+00:00,ospf,fwd,340,OK,0.132
2026-09-28T20:14:15.251+00:00,ospf,fwd,341,OK,0.129
2026-09-28T20:14:15.455+00:00,ospf,fwd,342,OK,0.112
2026-09-28T20:14:15.659+00:00,ospf,fwd,343,OK,0.146
2026-09-28T20:14:15.863+00:00,ospf,fwd,344,OK,0.094
2026-09-28T20:14:16.067+00:00,ospf,fwd,345,OK,0.130
2026-09-28T20:14:16.271+00:00,ospf,fwd,346,OK,0.134
2026-09-28T20:14:16.475+00:00,ospf,fwd,347,OK,0.121
2026-09-28T20:14:16.679+00:00,ospf,fwd,348,OK,0.111
2026-09-28T20:14:16.883+00:00,ospf,fwd,349,OK,0.098
2026-09-28T20:14:17.087+00:00,ospf,fwd,350,OK,0.154
2026-09-28T20:14:17.295+00:00,ospf,fwd,351,OK,0.194
2026-09-28T20:14:17.499+00:00,ospf,fwd,352,OK,0.091
2026-09-28T20:14:17.703+00:00,ospf,fwd,353,OK,0.107
2026-09-28T20:14:17.907+00:00,ospf,fwd,354,OK,0.245
2026-09-28T20:14:18.111+00:00,ospf,fwd,355,OK,0.105
2026-09-28T20:14:18.315+00:00,ospf,fwd,356,OK,0.132
2026-09-28T20:14:18.520+00:00,ospf,fwd,357,OK,0.151
2026-09-28T20:14:18.723+00:00,ospf,fwd,358,OK,0.102
2026-09-28T20:14:18.927+00:00,ospf,fwd,359,OK,0.148
2026-09-28T20:14:19.135+00:00,ospf,fwd,360,OK,0.131
2026-09-28T20:14:19.343+00:00,ospf,fwd,361,OK,0.163
2026-09-28T20:14:19.547+00:00,ospf,fwd,362,OK,0.141
2026-09-28T20:14:19.751+00:00,ospf,fwd,363,OK,0.139
2026-09-28T20:14:19.960+00:00,ospf,fwd,364,OK,0.127
2026-09-28T20:14:20.167+00:00,ospf,fwd,365,OK,0.115
2026-09-28T20:14:20.371+00:00,ospf,fwd,366,OK,0.142
2026-09-28T20:14:20.575+00:00,ospf,fwd,367,OK,0.138
2026-09-28T20:14:20.779+00:00,ospf,fwd,368,OK,0.084
2026-09-28T20:14:20.983+00:00,ospf,fwd,369,OK,0.121
2026-09-28T20:14:21.188+00:00,ospf,fwd,370,OK,0.547
2026-09-28T20:14:21.391+00:00,ospf,fwd,371,OK,0.144
2026-09-28T20:14:21.595+00:00,ospf,fwd,372,OK,0.175
2026-09-28T20:14:21.799+00:00,ospf,fwd,373,OK,0.144
2026-09-28T20:14:22.003+00:00,ospf,fwd,374,OK,0.091
2026-09-28T20:14:22.207+00:00,ospf,fwd,375,OK,0.121
2026-09-28T20:14:22.411+00:00,ospf,fwd,376,OK,0.079
2026-09-28T20:14:22.615+00:00,ospf,fwd,377,OK,0.144
2026-09-28T20:14:22.823+00:00,ospf,fwd,378,OK,0.102
2026-09-28T20:14:23.027+00:00,ospf,fwd,379,OK,0.082
2026-09-28T20:14:23.231+00:00,ospf,fwd,380,OK,0.159
2026-09-28T20:14:23.435+00:00,ospf,fwd,381,OK,0.090
2026-09-28T20:14:23.639+00:00,ospf,fwd,382,OK,0.132
2026-09-28T20:14:23.843+00:00,ospf,fwd,383,OK,0.144
2026-09-28T20:14:24.047+00:00,ospf,fwd,384,OK,0.089
2026-09-28T20:14:24.255+00:00,ospf,fwd,385,OK,0.122
2026-09-28T20:14:24.459+00:00,ospf,fwd,386,OK,0.081
2026-09-28T20:14:24.663+00:00,ospf,fwd,387,OK,0.123
2026-09-28T20:14:24.867+00:00,ospf,fwd,388,OK,0.095
2026-09-28T20:14:25.071+00:00,ospf,fwd,389,OK,0.082
2026-09-28T20:14:25.275+00:00,ospf,fwd,390,OK,0.113
2026-09-28T20:14:25.483+00:00,ospf,fwd,391,OK,0.122
2026-09-28T20:14:25.691+00:00,ospf,fwd,392,OK,0.152
2026-09-28T20:14:25.895+00:00,ospf,fwd,393,OK,0.080
2026-09-28T20:14:26.099+00:00,ospf,fwd,394,OK,0.114
2026-09-28T20:14:26.303+00:00,ospf,fwd,395,OK,0.153
2026-09-28T20:14:26.507+00:00,ospf,fwd,396,OK,0.144
2026-09-28T20:14:26.715+00:00,ospf,fwd,397,OK,0.138
2026-09-28T20:14:26.919+00:00,ospf,fwd,398,OK,0.195
2026-09-28T20:14:27.127+00:00,ospf,fwd,399,OK,0.145
2026-09-28T20:14:27.335+00:00,ospf,fwd,400,OK,0.134
2026-09-28T20:14:27.543+00:00,ospf,fwd,401,OK,0.159
2026-09-28T20:14:27.747+00:00,ospf,fwd,402,OK,0.154
2026-09-28T20:14:27.955+00:00,ospf,fwd,403,OK,0.145
2026-09-28T20:14:28.159+00:00,ospf,fwd,404,OK,0.104
2026-09-28T20:14:28.363+00:00,ospf,fwd,405,OK,0.130
2026-09-28T20:14:28.567+00:00,ospf,fwd,406,OK,0.085
2026-09-28T20:14:28.775+00:00,ospf,fwd,407,OK,0.119
2026-09-28T20:14:28.979+00:00,ospf,fwd,408,OK,0.122
2026-09-28T20:14:29.187+00:00,ospf,fwd,409,OK,0.154
2026-09-28T20:14:29.392+00:00,ospf,fwd,410,OK,0.189
2026-09-28T20:14:29.599+00:00,ospf,fwd,411,OK,0.171
2026-09-28T20:14:29.807+00:00,ospf,fwd,412,OK,0.183
2026-09-28T20:14:30.011+00:00,ospf,fwd,413,OK,0.110
2026-09-28T20:14:30.219+00:00,ospf,fwd,414,OK,0.167
2026-09-28T20:14:30.427+00:00,ospf,fwd,415,OK,0.135
2026-09-28T20:14:30.631+00:00,ospf,fwd,416,OK,0.156
2026-09-28T20:14:30.835+00:00,ospf,fwd,417,OK,0.170
2026-09-28T20:14:31.039+00:00,ospf,fwd,418,OK,0.149
2026-09-28T20:14:31.243+00:00,ospf,fwd,419,OK,0.155
2026-09-28T20:14:31.447+00:00,ospf,fwd,420,OK,0.177
2026-09-28T20:14:31.651+00:00,ospf,fwd,421,OK,0.150
2026-09-28T20:14:31.855+00:00,ospf,fwd,422,OK,0.155
2026-09-28T20:14:32.059+00:00,ospf,fwd,423,OK,0.183
2026-09-28T20:14:32.263+00:00,ospf,fwd,424,OK,0.096
2026-09-28T20:14:32.467+00:00,ospf,fwd,425,OK,0.129
2026-09-28T20:14:32.671+00:00,ospf,fwd,426,OK,0.124
2026-09-28T20:14:32.879+00:00,ospf,fwd,427,OK,0.205
2026-09-28T20:14:33.083+00:00,ospf,fwd,428,OK,0.129
2026-09-28T20:14:33.287+00:00,ospf,fwd,429,OK,0.321
2026-09-28T20:14:33.491+00:00,ospf,fwd,430,OK,0.189
2026-09-28T20:14:33.695+00:00,ospf,fwd,431,OK,0.184
2026-09-28T20:14:33.903+00:00,ospf,fwd,432,OK,0.113
2026-09-28T20:14:34.107+00:00,ospf,fwd,433,OK,0.142
2026-09-28T20:14:34.315+00:00,ospf,fwd,434,OK,0.170
2026-09-28T20:14:34.519+00:00,ospf,fwd,435,OK,0.184
2026-09-28T20:14:34.727+00:00,ospf,fwd,436,OK,0.135
2026-09-28T20:14:34.931+00:00,ospf,fwd,437,OK,0.108
2026-09-28T20:14:35.135+00:00,ospf,fwd,438,OK,0.138
2026-09-28T20:14:35.339+00:00,ospf,fwd,439,OK,0.133
2026-09-28T20:14:35.543+00:00,ospf,fwd,440,OK,0.139
2026-09-28T20:14:35.747+00:00,ospf,fwd,441,OK,0.125
2026-09-28T20:14:35.951+00:00,ospf,fwd,442,OK,0.121
2026-09-28T20:14:36.155+00:00,ospf,fwd,443,OK,0.145
2026-09-28T20:14:36.359+00:00,ospf,fwd,444,OK,0.100
2026-09-28T20:14:36.563+00:00,ospf,fwd,445,OK,0.121
2026-09-28T20:14:36.767+00:00,ospf,fwd,446,OK,0.093
2026-09-28T20:14:36.971+00:00,ospf,fwd,447,OK,0.169
2026-09-28T20:14:37.175+00:00,ospf,fwd,448,OK,0.137
2026-09-28T20:14:37.379+00:00,ospf,fwd,449,OK,0.099
2026-09-28T20:14:37.583+00:00,ospf,fwd,450,OK,0.096
2026-09-28T20:14:37.787+00:00,ospf,fwd,451,OK,0.110
2026-09-28T20:14:37.991+00:00,ospf,fwd,452,OK,0.200
2026-09-28T20:14:38.195+00:00,ospf,fwd,453,OK,0.117
2026-09-28T20:14:38.399+00:00,ospf,fwd,454,OK,0.126
2026-09-28T20:14:38.603+00:00,ospf,fwd,455,OK,0.172
2026-09-28T20:14:38.807+00:00,ospf,fwd,456,OK,0.083
2026-09-28T20:14:39.011+00:00,ospf,fwd,457,OK,0.091
2026-09-28T20:14:39.215+00:00,ospf,fwd,458,OK,0.127
2026-09-28T20:14:39.419+00:00,ospf,fwd,459,OK,0.133
2026-09-28T20:14:39.624+00:00,ospf,fwd,460,OK,0.172
2026-09-28T20:14:39.827+00:00,ospf,fwd,461,OK,0.171
2026-09-28T20:14:40.031+00:00,ospf,fwd,462,OK,0.093
2026-09-28T20:14:40.240+00:00,ospf,fwd,463,OK,0.107
2026-09-28T20:14:40.443+00:00,ospf,fwd,464,OK,0.092
2026-09-28T20:14:40.647+00:00,ospf,fwd,465,OK,0.092
2026-09-28T20:14:40.855+00:00,ospf,fwd,466,OK,0.192
2026-09-28T20:14:41.059+00:00,ospf,fwd,467,OK,0.172
2026-09-28T20:14:41.263+00:00,ospf,fwd,468,OK,0.169
2026-09-28T20:14:41.467+00:00,ospf,fwd,469,OK,0.198
2026-09-28T20:14:41.671+00:00,ospf,fwd,470,OK,0.164
2026-09-28T20:14:41.875+00:00,ospf,fwd,471,OK,0.157
2026-09-28T20:14:42.079+00:00,ospf,fwd,472,OK,0.202
2026-09-28T20:14:42.283+00:00,ospf,fwd,473,OK,0.163
2026-09-28T20:14:42.487+00:00,ospf,fwd,474,OK,0.141
2026-09-28T20:14:42.691+00:00,ospf,fwd,475,OK,0.117
2026-09-28T20:14:42.900+00:00,ospf,fwd,476,OK,0.171
2026-09-28T20:14:43.099+00:00,ospf,fwd,477,OK,0.080
2026-09-28T20:14:43.308+00:00,ospf,fwd,478,OK,0.509
2026-09-28T20:14:43.511+00:00,ospf,fwd,479,OK,0.115
2026-09-28T20:14:43.715+00:00,ospf,fwd,480,OK,0.088
2026-09-28T20:14:43.919+00:00,ospf,fwd,481,OK,0.087
2026-09-28T20:14:44.127+00:00,ospf,fwd,482,OK,0.086
2026-09-28T20:14:44.331+00:00,ospf,fwd,483,OK,0.166
2026-09-28T20:14:44.535+00:00,ospf,fwd,484,OK,0.091
2026-09-28T20:14:44.739+00:00,ospf,fwd,485,OK,0.141
2026-09-28T20:14:44.943+00:00,ospf,fwd,486,OK,0.096
2026-09-28T20:14:45.147+00:00,ospf,fwd,487,OK,0.082
2026-09-28T20:14:45.351+00:00,ospf,fwd,488,OK,0.084
2026-09-28T20:14:45.555+00:00,ospf,fwd,489,OK,0.092
2026-09-28T20:14:45.760+00:00,ospf,fwd,490,OK,0.107
2026-09-28T20:14:45.963+00:00,ospf,fwd,491,OK,0.098
2026-09-28T20:14:46.171+00:00,ospf,fwd,492,OK,0.094
2026-09-28T20:14:46.379+00:00,ospf,fwd,493,OK,0.093
2026-09-28T20:14:46.583+00:00,ospf,fwd,494,OK,0.093
2026-09-28T20:14:46.791+00:00,ospf,fwd,495,OK,0.133
2026-09-28T20:14:46.999+00:00,ospf,fwd,496,OK,0.147
2026-09-28T20:14:47.203+00:00,ospf,fwd,497,OK,0.168
2026-09-28T20:14:47.407+00:00,ospf,fwd,498,OK,0.098
2026-09-28T20:14:47.611+00:00,ospf,fwd,499,OK,0.109
2026-09-28T20:14:47.815+00:00,ospf,fwd,500,OK,0.123
2026-09-28T20:14:48.019+00:00,ospf,fwd,501,OK,0.116
2026-09-28T20:14:48.227+00:00,ospf,fwd,502,OK,0.194
2026-09-28T20:14:48.431+00:00,ospf,fwd,503,OK,0.180
2026-09-28T20:14:48.635+00:00,ospf,fwd,504,OK,0.148
2026-09-28T20:14:48.839+00:00,ospf,fwd,505,OK,0.184
2026-09-28T20:14:49.048+00:00,ospf,fwd,506,OK,0.199
2026-09-28T20:14:49.248+00:00,ospf,fwd,507,OK,0.205
2026-09-28T20:14:49.455+00:00,ospf,fwd,508,OK,0.125
2026-09-28T20:14:49.659+00:00,ospf,fwd,509,OK,0.124
2026-09-28T20:14:49.863+00:00,ospf,fwd,510,OK,0.187
2026-09-28T20:14:50.067+00:00,ospf,fwd,511,OK,0.160
2026-09-28T20:14:50.271+00:00,ospf,fwd,512,OK,0.129
2026-09-28T20:14:50.475+00:00,ospf,fwd,513,OK,0.121
2026-09-28T20:14:50.679+00:00,ospf,fwd,514,OK,0.095
2026-09-28T20:14:50.883+00:00,ospf,fwd,515,OK,0.090
2026-09-28T20:14:51.087+00:00,ospf,fwd,516,OK,0.099
2026-09-28T20:14:51.291+00:00,ospf,fwd,517,OK,0.094
2026-09-28T20:14:51.499+00:00,ospf,fwd,518,OK,0.130
2026-09-28T20:14:51.703+00:00,ospf,fwd,519,OK,0.108
2026-09-28T20:14:51.907+00:00,ospf,fwd,520,OK,0.090
2026-09-28T20:14:52.111+00:00,ospf,fwd,521,OK,0.135
2026-09-28T20:14:52.315+00:00,ospf,fwd,522,OK,0.125
2026-09-28T20:14:52.519+00:00,ospf,fwd,523,OK,0.211
2026-09-28T20:14:52.723+00:00,ospf,fwd,524,OK,0.182
2026-09-28T20:14:52.931+00:00,ospf,fwd,525,OK,0.155
2026-09-28T20:14:53.135+00:00,ospf,fwd,526,OK,0.083
2026-09-28T20:14:53.339+00:00,ospf,fwd,527,OK,0.181
2026-09-28T20:14:53.547+00:00,ospf,fwd,528,OK,0.158
2026-09-28T20:14:53.751+00:00,ospf,fwd,529,OK,0.134
2026-09-28T20:14:53.955+00:00,ospf,fwd,530,OK,0.097
2026-09-28T20:14:54.159+00:00,ospf,fwd,531,OK,0.115
2026-09-28T20:14:54.363+00:00,ospf,fwd,532,OK,0.085
2026-09-28T20:14:54.567+00:00,ospf,fwd,533,OK,0.081
2026-09-28T20:14:54.771+00:00,ospf,fwd,534,OK,0.079
2026-09-28T20:14:54.979+00:00,ospf,fwd,535,OK,0.186
2026-09-28T20:14:55.183+00:00,ospf,fwd,536,OK,0.178
2026-09-28T20:14:55.392+00:00,ospf,fwd,537,OK,0.836
2026-09-28T20:14:55.592+00:00,ospf,fwd,538,OK,0.120
2026-09-28T20:14:55.795+00:00,ospf,fwd,539,OK,0.123
2026-09-28T20:14:56.003+00:00,ospf,fwd,540,OK,0.122
2026-09-28T20:14:56.207+00:00,ospf,fwd,541,OK,0.113
2026-09-28T20:14:56.411+00:00,ospf,fwd,542,OK,0.127
2026-09-28T20:14:56.615+00:00,ospf,fwd,543,OK,0.087
2026-09-28T20:14:56.819+00:00,ospf,fwd,544,OK,0.149
2026-09-28T20:14:57.023+00:00,ospf,fwd,545,OK,0.097
2026-09-28T20:14:57.227+00:00,ospf,fwd,546,OK,0.146
2026-09-28T20:14:57.431+00:00,ospf,fwd,547,OK,0.130
2026-09-28T20:14:57.635+00:00,ospf,fwd,548,OK,0.083
2026-09-28T20:14:57.839+00:00,ospf,fwd,549,OK,0.150
2026-09-28T20:14:58.043+00:00,ospf,fwd,550,OK,0.195
2026-09-28T20:14:58.247+00:00,ospf,fwd,551,OK,0.109
2026-09-28T20:14:58.451+00:00,ospf,fwd,552,OK,0.177
2026-09-28T20:14:58.655+00:00,ospf,fwd,553,OK,0.132
2026-09-28T20:14:58.859+00:00,ospf,fwd,554,OK,0.106
2026-09-28T20:14:59.064+00:00,ospf,fwd,555,OK,0.194
2026-09-28T20:14:59.267+00:00,ospf,fwd,556,OK,0.145
2026-09-28T20:14:59.471+00:00,ospf,fwd,557,OK,0.119
2026-09-28T20:14:59.675+00:00,ospf,fwd,558,OK,0.132
2026-09-28T20:14:59.879+00:00,ospf,fwd,559,OK,0.147
2026-09-28T20:15:00.083+00:00,ospf,fwd,560,OK,0.137
2026-09-28T20:15:00.287+00:00,ospf,fwd,561,OK,0.190
2026-09-28T20:15:00.491+00:00,ospf,fwd,562,OK,0.162
2026-09-28T20:15:00.695+00:00,ospf,fwd,563,OK,0.086
2026-09-28T20:15:00.899+00:00,ospf,fwd,564,OK,0.165
2026-09-28T20:15:01.103+00:00,ospf,fwd,565,OK,0.120
2026-09-28T20:15:01.307+00:00,ospf,fwd,566,OK,0.184
2026-09-28T20:15:01.511+00:00,ospf,fwd,567,OK,0.138
2026-09-28T20:15:01.715+00:00,ospf,fwd,568,OK,0.177
2026-09-28T20:15:01.919+00:00,ospf,fwd,569,OK,0.122
2026-09-28T20:15:02.123+00:00,ospf,fwd,570,OK,0.096
2026-09-28T20:15:02.331+00:00,ospf,fwd,571,OK,0.165
2026-09-28T20:15:02.535+00:00,ospf,fwd,572,OK,0.134
2026-09-28T20:15:02.739+00:00,ospf,fwd,573,OK,0.156
2026-09-28T20:15:02.943+00:00,ospf,fwd,574,OK,0.184
2026-09-28T20:15:03.147+00:00,ospf,fwd,575,OK,0.171
2026-09-28T20:15:03.351+00:00,ospf,fwd,576,OK,0.189
2026-09-28T20:15:03.559+00:00,ospf,fwd,577,OK,0.135
2026-09-28T20:15:03.763+00:00,ospf,fwd,578,OK,0.128
2026-09-28T20:15:03.967+00:00,ospf,fwd,579,OK,0.149
2026-09-28T20:15:04.175+00:00,ospf,fwd,580,OK,0.136
2026-09-28T20:15:04.379+00:00,ospf,fwd,581,OK,0.118
2026-09-28T20:15:04.583+00:00,ospf,fwd,582,OK,0.082
2026-09-28T20:15:04.787+00:00,ospf,fwd,583,OK,0.117
2026-09-28T20:15:04.995+00:00,ospf,fwd,584,OK,0.087
2026-09-28T20:15:05.199+00:00,ospf,fwd,585,OK,0.083
2026-09-28T20:15:05.403+00:00,ospf,fwd,586,OK,0.097
2026-09-28T20:15:05.607+00:00,ospf,fwd,587,OK,0.082
2026-09-28T20:15:05.811+00:00,ospf,fwd,588,OK,0.104
2026-09-28T20:15:06.015+00:00,ospf,fwd,589,OK,0.192
2026-09-28T20:15:06.219+00:00,ospf,fwd,590,OK,0.117
2026-09-28T20:15:06.423+00:00,ospf,fwd,591,OK,0.088
2026-09-28T20:15:06.627+00:00,ospf,fwd,592,OK,0.103
2026-09-28T20:15:06.835+00:00,ospf,fwd,593,OK,0.171
2026-09-28T20:15:07.039+00:00,ospf,fwd,594,OK,0.121
2026-09-28T20:15:07.243+00:00,ospf,fwd,595,OK,0.200
2026-09-28T20:15:07.447+00:00,ospf,fwd,596,OK,0.095
2026-09-28T20:15:07.651+00:00,ospf,fwd,597,OK,0.127
2026-09-28T20:15:07.855+00:00,ospf,fwd,598,OK,0.165
2026-09-28T20:15:08.059+00:00,ospf,fwd,599,OK,0.103
2026-09-28T20:15:08.263+00:00,ospf,fwd,600,OK,0.179
2026-09-28T20:15:08.467+00:00,ospf,fwd,601,OK,0.082
2026-09-28T20:15:08.671+00:00,ospf,fwd,602,OK,0.089
2026-09-28T20:15:08.875+00:00,ospf,fwd,603,OK,0.093
2026-09-28T20:15:09.079+00:00,ospf,fwd,604,OK,0.096
2026-09-28T20:15:09.283+00:00,ospf,fwd,605,OK,0.119
2026-09-28T20:15:09.487+00:00,ospf,fwd,606,OK,0.155
2026-09-28T20:15:09.691+00:00,ospf,fwd,607,OK,0.096
2026-09-28T20:15:09.895+00:00,ospf,fwd,608,OK,0.123
2026-09-28T20:15:10.099+00:00,ospf,fwd,609,OK,0.133
2026-09-28T20:15:10.304+00:00,ospf,fwd,610,OK,0.148
2026-09-28T20:15:10.511+00:00,ospf,fwd,611,OK,0.303
2026-09-28T20:15:10.715+00:00,ospf,fwd,612,OK,0.147
2026-09-28T20:15:10.919+00:00,ospf,fwd,613,OK,0.079
2026-09-28T20:15:11.123+00:00,ospf,fwd,614,OK,0.121
2026-09-28T20:15:11.327+00:00,ospf,fwd,615,OK,0.151
2026-09-28T20:15:11.531+00:00,ospf,fwd,616,OK,0.123
2026-09-28T20:15:11.735+00:00,ospf,fwd,617,OK,0.133
2026-09-28T20:15:11.939+00:00,ospf,fwd,618,OK,0.083
2026-09-28T20:15:12.143+00:00,ospf,fwd,619,OK,0.084
2026-09-28T20:15:12.347+00:00,ospf,fwd,620,OK,0.091
2026-09-28T20:15:12.551+00:00,ospf,fwd,621,OK,0.133
2026-09-28T20:15:12.761+00:00,ospf,fwd,622,OK,0.144
2026-09-28T20:15:12.964+00:00,ospf,fwd,623,OK,0.160
2026-09-28T20:15:13.167+00:00,ospf,fwd,624,OK,0.086
2026-09-28T20:15:13.371+00:00,ospf,fwd,625,OK,0.083
2026-09-28T20:15:13.575+00:00,ospf,fwd,626,OK,0.086
2026-09-28T20:15:13.780+00:00,ospf,fwd,627,OK,0.498
2026-09-28T20:15:13.983+00:00,ospf,fwd,628,OK,0.092
2026-09-28T20:15:14.187+00:00,ospf,fwd,629,OK,0.084
2026-09-28T20:15:14.391+00:00,ospf,fwd,630,OK,0.126
2026-09-28T20:15:14.595+00:00,ospf,fwd,631,OK,0.132
2026-09-28T20:15:14.799+00:00,ospf,fwd,632,OK,0.082
2026-09-28T20:15:15.003+00:00,ospf,fwd,633,OK,0.129
2026-09-28T20:15:15.211+00:00,ospf,fwd,634,OK,0.137
2026-09-28T20:15:15.415+00:00,ospf,fwd,635,OK,0.096
2026-09-28T20:15:15.619+00:00,ospf,fwd,636,OK,0.083
2026-09-28T20:15:15.823+00:00,ospf,fwd,637,OK,0.131
2026-09-28T20:15:16.027+00:00,ospf,fwd,638,OK,0.128
2026-09-28T20:15:16.231+00:00,ospf,fwd,639,OK,0.135
2026-09-28T20:15:16.435+00:00,ospf,fwd,640,OK,0.101
2026-09-28T20:15:16.639+00:00,ospf,fwd,641,OK,0.083
2026-09-28T20:15:16.843+00:00,ospf,fwd,642,OK,0.115
2026-09-28T20:15:17.047+00:00,ospf,fwd,643,OK,0.124
2026-09-28T20:15:17.251+00:00,ospf,fwd,644,OK,0.147
2026-09-28T20:15:17.459+00:00,ospf,fwd,645,OK,0.181
2026-09-28T20:15:17.664+00:00,ospf,fwd,646,OK,0.173
2026-09-28T20:15:17.867+00:00,ospf,fwd,647,OK,0.202
2026-09-28T20:15:18.071+00:00,ospf,fwd,648,OK,0.141
2026-09-28T20:15:18.281+00:00,ospf,fwd,649,OK,0.276
2026-09-28T20:15:18.484+00:00,ospf,fwd,650,OK,0.155
2026-09-28T20:15:18.691+00:00,ospf,fwd,651,OK,0.144
2026-09-28T20:15:18.895+00:00,ospf,fwd,652,OK,0.089
2026-09-28T20:15:19.099+00:00,ospf,fwd,653,OK,0.090
2026-09-28T20:15:19.303+00:00,ospf,fwd,654,OK,0.083
2026-09-28T20:15:19.507+00:00,ospf,fwd,655,OK,0.139
2026-09-28T20:15:19.711+00:00,ospf,fwd,656,OK,0.147
2026-09-28T20:15:19.915+00:00,ospf,fwd,657,OK,0.088
2026-09-28T20:15:20.119+00:00,ospf,fwd,658,OK,0.088
2026-09-28T20:15:20.323+00:00,ospf,fwd,659,OK,0.080
2026-09-28T20:15:20.527+00:00,ospf,fwd,660,OK,0.086
2026-09-28T20:15:20.731+00:00,ospf,fwd,661,OK,0.167
2026-09-28T20:15:20.935+00:00,ospf,fwd,662,OK,0.135
2026-09-28T20:15:21.139+00:00,ospf,fwd,663,OK,0.117
2026-09-28T20:15:21.343+00:00,ospf,fwd,664,OK,0.116
2026-09-28T20:15:21.547+00:00,ospf,fwd,665,OK,0.117
2026-09-28T20:15:21.751+00:00,ospf,fwd,666,OK,0.121
2026-09-28T20:15:21.955+00:00,ospf,fwd,667,OK,0.088
2026-09-28T20:15:22.159+00:00,ospf,fwd,668,OK,0.085
2026-09-28T20:15:22.363+00:00,ospf,fwd,669,OK,0.132
2026-09-28T20:15:22.567+00:00,ospf,fwd,670,OK,0.078
2026-09-28T20:15:22.771+00:00,ospf,fwd,671,OK,0.124
2026-09-28T20:15:22.975+00:00,ospf,fwd,672,OK,0.110
2026-09-28T20:15:23.179+00:00,ospf,fwd,673,OK,0.098
2026-09-28T20:15:23.383+00:00,ospf,fwd,674,OK,0.086
2026-09-28T20:15:23.587+00:00,ospf,fwd,675,OK,0.089
2026-09-28T20:15:23.791+00:00,ospf,fwd,676,OK,0.112
2026-09-28T20:15:23.995+00:00,ospf,fwd,677,OK,0.098
2026-09-28T20:15:24.199+00:00,ospf,fwd,678,OK,0.092
2026-09-28T20:15:24.403+00:00,ospf,fwd,679,OK,0.089
2026-09-28T20:15:24.611+00:00,ospf,fwd,680,OK,0.413
2026-09-28T20:15:24.815+00:00,ospf,fwd,681,OK,0.148
2026-09-28T20:15:25.019+00:00,ospf,fwd,682,OK,0.112
2026-09-28T20:15:25.223+00:00,ospf,fwd,683,OK,0.132
2026-09-28T20:15:25.431+00:00,ospf,fwd,684,OK,0.160
2026-09-28T20:15:25.639+00:00,ospf,fwd,685,OK,0.152
2026-09-28T20:15:25.847+00:00,ospf,fwd,686,OK,0.164
2026-09-28T20:15:26.056+00:00,ospf,fwd,687,OK,0.213
2026-09-28T20:15:26.263+00:00,ospf,fwd,688,OK,0.283
2026-09-28T20:15:26.467+00:00,ospf,fwd,689,OK,0.158
2026-09-28T20:15:26.671+00:00,ospf,fwd,690,OK,0.225
2026-09-28T20:15:26.875+00:00,ospf,fwd,691,OK,0.094
2026-09-28T20:15:27.079+00:00,ospf,fwd,692,OK,0.093
2026-09-28T20:15:27.283+00:00,ospf,fwd,693,OK,0.097
2026-09-28T20:15:27.487+00:00,ospf,fwd,694,OK,0.137
2026-09-28T20:15:27.691+00:00,ospf,fwd,695,OK,0.082
2026-09-28T20:15:27.895+00:00,ospf,fwd,696,OK,0.082
2026-09-28T20:15:28.099+00:00,ospf,fwd,697,OK,0.090
2026-09-28T20:15:28.303+00:00,ospf,fwd,698,OK,0.118
2026-09-28T20:15:28.507+00:00,ospf,fwd,699,OK,0.118
2026-09-28T20:15:28.711+00:00,ospf,fwd,700,OK,0.111
2026-09-28T20:15:28.915+00:00,ospf,fwd,701,OK,0.128
2026-09-28T20:15:29.119+00:00,ospf,fwd,702,OK,0.128
2026-09-28T20:15:29.323+00:00,ospf,fwd,703,OK,0.151
2026-09-28T20:15:29.527+00:00,ospf,fwd,704,OK,0.085
2026-09-28T20:15:29.731+00:00,ospf,fwd,705,OK,0.129
2026-09-28T20:15:29.935+00:00,ospf,fwd,706,OK,0.159
2026-09-28T20:15:30.139+00:00,ospf,fwd,707,OK,0.232
2026-09-28T20:15:30.343+00:00,ospf,fwd,708,OK,0.106
2026-09-28T20:15:30.547+00:00,ospf,fwd,709,OK,0.087
2026-09-28T20:15:30.751+00:00,ospf,fwd,710,OK,0.080
2026-09-28T20:15:30.956+00:00,ospf,fwd,711,OK,0.160
2026-09-28T20:15:31.159+00:00,ospf,fwd,712,OK,0.193
2026-09-28T20:15:31.363+00:00,ospf,fwd,713,OK,0.096
2026-09-28T20:15:31.567+00:00,ospf,fwd,714,OK,0.096
2026-09-28T20:15:31.771+00:00,ospf,fwd,715,OK,0.162
2026-09-28T20:15:31.978+00:00,ospf,fwd,716,OK,0.138
2026-09-28T20:15:32.179+00:00,ospf,fwd,717,OK,0.131
2026-09-28T20:15:32.383+00:00,ospf,fwd,718,OK,0.123
2026-09-28T20:15:32.587+00:00,ospf,fwd,719,OK,0.096
2026-09-28T20:15:32.791+00:00,ospf,fwd,720,OK,0.201
2026-09-28T20:15:33.000+00:00,ospf,fwd,721,OK,0.216
2026-09-28T20:15:33.203+00:00,ospf,fwd,722,OK,0.173
2026-09-28T20:15:33.407+00:00,ospf,fwd,723,OK,0.173
2026-09-28T20:15:33.618+00:00,ospf,fwd,724,OK,0.165
2026-09-28T20:15:33.820+00:00,ospf,fwd,725,OK,0.146
2026-09-28T20:15:34.027+00:00,ospf,fwd,726,OK,0.196
2026-09-28T20:15:34.232+00:00,ospf,fwd,727,OK,0.183
2026-09-28T20:15:34.436+00:00,ospf,fwd,728,OK,0.164
2026-09-28T20:15:34.643+00:00,ospf,fwd,729,OK,0.203
2026-09-28T20:15:34.851+00:00,ospf,fwd,730,OK,0.160
2026-09-28T20:15:35.059+00:00,ospf,fwd,731,OK,0.168
2026-09-28T20:15:35.263+00:00,ospf,fwd,732,OK,0.146
2026-09-28T20:15:35.467+00:00,ospf,fwd,733,OK,0.139
2026-09-28T20:15:35.672+00:00,ospf,fwd,734,OK,0.185
2026-09-28T20:15:35.875+00:00,ospf,fwd,735,OK,0.186
2026-09-28T20:15:36.083+00:00,ospf,fwd,736,OK,0.192
2026-09-28T20:15:36.291+00:00,ospf,fwd,737,OK,0.239
2026-09-28T20:15:36.499+00:00,ospf,fwd,738,OK,0.203
2026-09-28T20:15:36.707+00:00,ospf,fwd,739,OK,0.195
2026-09-28T20:15:36.911+00:00,ospf,fwd,740,OK,0.186
2026-09-28T20:15:37.115+00:00,ospf,fwd,741,OK,0.172
2026-09-28T20:15:37.319+00:00,ospf,fwd,742,OK,0.172
2026-09-28T20:15:37.523+00:00,ospf,fwd,743,OK,0.197
2026-09-28T20:15:37.727+00:00,ospf,fwd,744,OK,0.168
2026-09-28T20:15:37.931+00:00,ospf,fwd,745,OK,0.098
2026-09-28T20:15:38.139+00:00,ospf,fwd,746,OK,0.149
2026-09-28T20:15:38.343+00:00,ospf,fwd,747,OK,0.172
2026-09-28T20:15:38.547+00:00,ospf,fwd,748,OK,0.172
2026-09-28T20:15:38.755+00:00,ospf,fwd,749,OK,0.198
2026-09-28T20:15:38.963+00:00,ospf,fwd,750,OK,0.188
2026-09-28T20:15:39.171+00:00,ospf,fwd,751,OK,0.179
2026-09-28T20:15:39.380+00:00,ospf,fwd,752,OK,0.177
2026-09-28T20:15:39.584+00:00,ospf,fwd,753,OK,0.161
2026-09-28T20:15:39.787+00:00,ospf,fwd,754,OK,0.179
2026-09-28T20:15:39.991+00:00,ospf,fwd,755,OK,0.153
2026-09-28T20:15:40.199+00:00,ospf,fwd,756,OK,0.218
2026-09-28T20:15:40.405+00:00,ospf,fwd,757,OK,0.225
2026-09-28T20:15:40.607+00:00,ospf,fwd,758,OK,0.185
2026-09-28T20:15:40.811+00:00,ospf,fwd,759,OK,0.182
2026-09-28T20:15:41.020+00:00,ospf,fwd,760,OK,0.199
2026-09-28T20:15:41.223+00:00,ospf,fwd,761,OK,0.198
2026-09-28T20:15:41.431+00:00,ospf,fwd,762,OK,0.215
2026-09-28T20:15:41.635+00:00,ospf,fwd,763,OK,0.210
2026-09-28T20:15:41.843+00:00,ospf,fwd,764,OK,0.167
2026-09-28T20:15:42.048+00:00,ospf,fwd,765,OK,0.153
2026-09-28T20:15:42.251+00:00,ospf,fwd,766,OK,0.148
2026-09-28T20:15:42.455+00:00,ospf,fwd,767,OK,0.186
2026-09-28T20:15:42.663+00:00,ospf,fwd,768,OK,0.182
2026-09-28T20:15:42.867+00:00,ospf,fwd,769,OK,0.196
2026-09-28T20:15:43.075+00:00,ospf,fwd,770,OK,0.182
2026-09-28T20:15:43.279+00:00,ospf,fwd,771,OK,0.186
2026-09-28T20:15:43.483+00:00,ospf,fwd,772,OK,0.191
2026-09-28T20:15:43.688+00:00,ospf,fwd,773,OK,0.205
2026-09-28T20:15:43.895+00:00,ospf,fwd,774,OK,0.152
2026-09-28T20:15:44.103+00:00,ospf,fwd,775,OK,0.184
2026-09-28T20:15:44.307+00:00,ospf,fwd,776,OK,0.207
2026-09-28T20:15:44.511+00:00,ospf,fwd,777,OK,0.188
2026-09-28T20:13:05.903+00:00,ospf,rev,1,OK,0.468
2026-09-28T20:13:06.107+00:00,ospf,rev,2,OK,0.211
2026-09-28T20:13:06.311+00:00,ospf,rev,3,OK,0.165
2026-09-28T20:13:06.516+00:00,ospf,rev,4,OK,0.190
2026-09-28T20:13:06.723+00:00,ospf,rev,5,OK,0.167
2026-09-28T20:13:06.927+00:00,ospf,rev,6,OK,0.207
2026-09-28T20:13:07.131+00:00,ospf,rev,7,OK,0.141
2026-09-28T20:13:07.335+00:00,ospf,rev,8,OK,0.145
2026-09-28T20:13:07.539+00:00,ospf,rev,9,OK,0.200
2026-09-28T20:13:07.743+00:00,ospf,rev,10,OK,0.217
2026-09-28T20:13:07.947+00:00,ospf,rev,11,OK,0.235
2026-09-28T20:13:08.151+00:00,ospf,rev,12,OK,0.217
2026-09-28T20:13:08.355+00:00,ospf,rev,13,OK,0.193
2026-09-28T20:13:08.559+00:00,ospf,rev,14,OK,0.217
2026-09-28T20:13:08.763+00:00,ospf,rev,15,OK,0.224
2026-09-28T20:13:08.967+00:00,ospf,rev,16,OK,0.292
2026-09-28T20:13:09.171+00:00,ospf,rev,17,OK,0.280
2026-09-28T20:13:09.375+00:00,ospf,rev,18,OK,0.210
2026-09-28T20:13:09.583+00:00,ospf,rev,19,OK,0.305
2026-09-28T20:13:09.791+00:00,ospf,rev,20,OK,0.304
2026-09-28T20:13:10.000+00:00,ospf,rev,21,FAIL,
2026-09-28T20:13:16.955+00:00,ospf,rev,40,FAIL,
2026-09-28T20:13:16.955+00:00,ospf,rev,41,FAIL,
2026-09-28T20:13:16.955+00:00,ospf,rev,42,FAIL,
2026-09-28T20:13:16.955+00:00,ospf,rev,43,FAIL,
2026-09-28T20:13:16.955+00:00,ospf,rev,44,FAIL,
2026-09-28T20:13:16.955+00:00,ospf,rev,45,FAIL,
2026-09-28T20:13:20.220+00:00,ospf,rev,56,FAIL,
2026-09-28T20:13:20.220+00:00,ospf,rev,57,FAIL,
2026-09-28T20:13:20.220+00:00,ospf,rev,58,FAIL,
2026-09-28T20:13:23.292+00:00,ospf,rev,71,FAIL,
2026-09-28T20:13:23.292+00:00,ospf,rev,72,FAIL,
2026-09-28T20:13:23.292+00:00,ospf,rev,73,FAIL,
2026-09-28T20:13:26.560+00:00,ospf,rev,87,FAIL,
2026-09-28T20:13:26.560+00:00,ospf,rev,88,FAIL,
2026-09-28T20:13:26.560+00:00,ospf,rev,89,FAIL,
2026-09-28T20:13:29.824+00:00,ospf,rev,103,FAIL,
2026-09-28T20:13:29.824+00:00,ospf,rev,104,FAIL,
2026-09-28T20:13:29.824+00:00,ospf,rev,105,FAIL,
2026-09-28T20:13:32.891+00:00,ospf,rev,118,FAIL,
2026-09-28T20:13:32.891+00:00,ospf,rev,119,FAIL,
2026-09-28T20:13:32.891+00:00,ospf,rev,120,FAIL,
2026-09-28T20:13:36.159+00:00,ospf,rev,134,FAIL,
2026-09-28T20:13:36.160+00:00,ospf,rev,135,FAIL,
2026-09-28T20:13:36.160+00:00,ospf,rev,136,FAIL,
2026-09-28T20:13:36.160+00:00,ospf,rev,137,FAIL,
2026-09-28T20:13:39.419+00:00,ospf,rev,150,FAIL,
2026-09-28T20:13:39.419+00:00,ospf,rev,151,FAIL,
2026-09-28T20:13:39.419+00:00,ospf,rev,152,FAIL,
2026-09-28T20:13:42.679+00:00,ospf,rev,181,OK,0.144
2026-09-28T20:13:42.683+00:00,ospf,rev,166,FAIL,
2026-09-28T20:13:42.683+00:00,ospf,rev,167,FAIL,
2026-09-28T20:13:42.683+00:00,ospf,rev,168,FAIL,
2026-09-28T20:13:42.880+00:00,ospf,rev,182,OK,0.126
2026-09-28T20:13:43.083+00:00,ospf,rev,183,OK,0.176
2026-09-28T20:13:43.287+00:00,ospf,rev,184,OK,0.177
2026-09-28T20:13:43.495+00:00,ospf,rev,185,OK,0.199
2026-09-28T20:13:43.703+00:00,ospf,rev,186,OK,0.191
2026-09-28T20:13:43.912+00:00,ospf,rev,187,OK,0.455
2026-09-28T20:13:44.115+00:00,ospf,rev,188,OK,0.157
2026-09-28T20:13:44.324+00:00,ospf,rev,189,OK,0.215
2026-09-28T20:13:44.527+00:00,ospf,rev,190,OK,0.159
2026-09-28T20:13:44.731+00:00,ospf,rev,191,OK,0.121
2026-09-28T20:13:44.939+00:00,ospf,rev,192,OK,0.129
2026-09-28T20:13:45.143+00:00,ospf,rev,193,OK,0.158
2026-09-28T20:13:45.347+00:00,ospf,rev,194,OK,0.123
2026-09-28T20:13:45.551+00:00,ospf,rev,195,OK,0.095
2026-09-28T20:13:45.755+00:00,ospf,rev,196,OK,0.100
2026-09-28T20:13:45.959+00:00,ospf,rev,197,OK,0.146
2026-09-28T20:13:46.163+00:00,ospf,rev,198,OK,0.164
2026-09-28T20:13:46.367+00:00,ospf,rev,199,OK,0.106
2026-09-28T20:13:46.571+00:00,ospf,rev,200,OK,0.145
2026-09-28T20:13:46.775+00:00,ospf,rev,201,OK,0.127
2026-09-28T20:13:46.979+00:00,ospf,rev,202,OK,0.161
2026-09-28T20:13:47.183+00:00,ospf,rev,203,OK,0.135
2026-09-28T20:13:47.387+00:00,ospf,rev,204,OK,0.142
2026-09-28T20:13:47.591+00:00,ospf,rev,205,OK,0.118
2026-09-28T20:13:47.795+00:00,ospf,rev,206,OK,0.186
2026-09-28T20:13:47.999+00:00,ospf,rev,207,OK,0.162
2026-09-28T20:13:48.203+00:00,ospf,rev,208,OK,0.181
2026-09-28T20:13:48.407+00:00,ospf,rev,209,OK,0.139
2026-09-28T20:13:48.611+00:00,ospf,rev,210,OK,0.157
2026-09-28T20:13:48.815+00:00,ospf,rev,211,OK,0.195
2026-09-28T20:13:49.019+00:00,ospf,rev,212,OK,0.128
2026-09-28T20:13:49.223+00:00,ospf,rev,213,OK,0.155
2026-09-28T20:13:49.427+00:00,ospf,rev,214,OK,0.101
2026-09-28T20:13:49.631+00:00,ospf,rev,215,OK,0.139
2026-09-28T20:13:49.835+00:00,ospf,rev,216,OK,0.120
2026-09-28T20:13:50.039+00:00,ospf,rev,217,OK,0.122
2026-09-28T20:13:50.243+00:00,ospf,rev,218,OK,0.124
2026-09-28T20:13:50.447+00:00,ospf,rev,219,OK,0.193
2026-09-28T20:13:50.651+00:00,ospf,rev,220,OK,0.171
2026-09-28T20:13:50.859+00:00,ospf,rev,221,OK,0.216
2026-09-28T20:13:51.063+00:00,ospf,rev,222,OK,0.160
2026-09-28T20:13:51.271+00:00,ospf,rev,223,OK,0.164
2026-09-28T20:13:51.475+00:00,ospf,rev,224,OK,0.152
2026-09-28T20:13:51.680+00:00,ospf,rev,225,OK,0.160
2026-09-28T20:13:51.883+00:00,ospf,rev,226,OK,0.137
2026-09-28T20:13:52.087+00:00,ospf,rev,227,OK,0.107
2026-09-28T20:13:52.291+00:00,ospf,rev,228,OK,0.192
2026-09-28T20:13:52.495+00:00,ospf,rev,229,OK,0.097
2026-09-28T20:13:52.700+00:00,ospf,rev,230,OK,0.211
2026-09-28T20:13:52.903+00:00,ospf,rev,231,OK,0.103
2026-09-28T20:13:53.107+00:00,ospf,rev,232,OK,0.081
2026-09-28T20:13:53.311+00:00,ospf,rev,233,OK,0.138
2026-09-28T20:13:53.515+00:00,ospf,rev,234,OK,0.181
2026-09-28T20:13:53.719+00:00,ospf,rev,235,OK,0.207
2026-09-28T20:13:53.923+00:00,ospf,rev,236,OK,0.182
2026-09-28T20:13:54.127+00:00,ospf,rev,237,OK,0.105
2026-09-28T20:13:54.331+00:00,ospf,rev,238,OK,0.160
2026-09-28T20:13:54.535+00:00,ospf,rev,239,OK,0.178
2026-09-28T20:13:54.739+00:00,ospf,rev,240,OK,0.144
2026-09-28T20:13:54.943+00:00,ospf,rev,241,OK,0.186
2026-09-28T20:13:55.148+00:00,ospf,rev,242,OK,0.165
2026-09-28T20:13:55.351+00:00,ospf,rev,243,OK,0.165
2026-09-28T20:13:55.555+00:00,ospf,rev,244,OK,0.136
2026-09-28T20:13:55.763+00:00,ospf,rev,245,OK,0.196
2026-09-28T20:13:55.967+00:00,ospf,rev,246,OK,0.103
2026-09-28T20:13:56.171+00:00,ospf,rev,247,OK,0.120
2026-09-28T20:13:56.375+00:00,ospf,rev,248,OK,0.136
2026-09-28T20:13:56.579+00:00,ospf,rev,249,OK,0.147
2026-09-28T20:13:56.787+00:00,ospf,rev,250,OK,0.140
2026-09-28T20:13:56.991+00:00,ospf,rev,251,OK,0.178
2026-09-28T20:13:57.199+00:00,ospf,rev,252,OK,0.182
2026-09-28T20:13:57.403+00:00,ospf,rev,253,OK,0.151
2026-09-28T20:13:57.611+00:00,ospf,rev,254,OK,0.168
2026-09-28T20:13:57.820+00:00,ospf,rev,255,OK,0.185
2026-09-28T20:13:58.027+00:00,ospf,rev,256,OK,0.192
2026-09-28T20:13:58.231+00:00,ospf,rev,257,OK,0.210
2026-09-28T20:13:58.439+00:00,ospf,rev,258,OK,0.270
2026-09-28T20:13:58.644+00:00,ospf,rev,259,OK,0.218
2026-09-28T20:13:58.847+00:00,ospf,rev,260,OK,0.167
2026-09-28T20:13:59.055+00:00,ospf,rev,261,OK,0.197
2026-09-28T20:13:59.259+00:00,ospf,rev,262,OK,0.180
2026-09-28T20:13:59.467+00:00,ospf,rev,263,OK,0.126
2026-09-28T20:13:59.675+00:00,ospf,rev,264,OK,0.194
2026-09-28T20:13:59.879+00:00,ospf,rev,265,OK,0.141
2026-09-28T20:14:00.083+00:00,ospf,rev,266,OK,0.203
2026-09-28T20:14:00.287+00:00,ospf,rev,267,OK,0.134
2026-09-28T20:14:00.495+00:00,ospf,rev,268,OK,0.187
2026-09-28T20:14:00.699+00:00,ospf,rev,269,OK,0.165
2026-09-28T20:14:00.903+00:00,ospf,rev,270,OK,0.188
2026-09-28T20:14:01.107+00:00,ospf,rev,271,OK,0.133
2026-09-28T20:14:01.311+00:00,ospf,rev,272,OK,0.153
2026-09-28T20:14:01.515+00:00,ospf,rev,273,OK,0.187
2026-09-28T20:14:01.723+00:00,ospf,rev,274,OK,0.172
2026-09-28T20:14:01.932+00:00,ospf,rev,275,OK,0.397
2026-09-28T20:14:02.135+00:00,ospf,rev,276,OK,0.123
2026-09-28T20:14:02.339+00:00,ospf,rev,277,OK,0.105
2026-09-28T20:14:02.543+00:00,ospf,rev,278,OK,0.149
2026-09-28T20:14:02.747+00:00,ospf,rev,279,OK,0.147
2026-09-28T20:14:02.951+00:00,ospf,rev,280,OK,0.126
2026-09-28T20:14:03.155+00:00,ospf,rev,281,OK,0.179
2026-09-28T20:14:03.359+00:00,ospf,rev,282,OK,0.134
2026-09-28T20:14:03.563+00:00,ospf,rev,283,OK,0.132
2026-09-28T20:14:03.769+00:00,ospf,rev,284,OK,0.211
2026-09-28T20:14:03.972+00:00,ospf,rev,285,OK,0.479
2026-09-28T20:14:04.175+00:00,ospf,rev,286,OK,0.105
2026-09-28T20:14:04.379+00:00,ospf,rev,287,OK,0.130
2026-09-28T20:14:04.583+00:00,ospf,rev,288,OK,0.103
2026-09-28T20:14:04.787+00:00,ospf,rev,289,OK,0.152
2026-09-28T20:14:04.996+00:00,ospf,rev,290,OK,0.166
2026-09-28T20:14:05.201+00:00,ospf,rev,291,OK,0.149
2026-09-28T20:14:05.403+00:00,ospf,rev,292,OK,0.189
2026-09-28T20:14:05.611+00:00,ospf,rev,293,OK,0.113
2026-09-28T20:14:05.815+00:00,ospf,rev,294,OK,0.196
2026-09-28T20:14:06.019+00:00,ospf,rev,295,OK,0.160
2026-09-28T20:14:06.223+00:00,ospf,rev,296,OK,0.190
2026-09-28T20:14:06.427+00:00,ospf,rev,297,OK,0.116
2026-09-28T20:14:06.635+00:00,ospf,rev,298,OK,0.093
2026-09-28T20:14:06.839+00:00,ospf,rev,299,OK,0.181
2026-09-28T20:14:07.043+00:00,ospf,rev,300,OK,0.109
2026-09-28T20:14:07.247+00:00,ospf,rev,301,OK,0.214
2026-09-28T20:14:07.455+00:00,ospf,rev,302,OK,0.123
2026-09-28T20:14:07.659+00:00,ospf,rev,303,OK,0.105
2026-09-28T20:14:07.863+00:00,ospf,rev,304,OK,0.155
2026-09-28T20:14:08.067+00:00,ospf,rev,305,OK,0.115
2026-09-28T20:14:08.271+00:00,ospf,rev,306,OK,0.201
2026-09-28T20:14:08.479+00:00,ospf,rev,307,OK,0.164
2026-09-28T20:14:08.683+00:00,ospf,rev,308,OK,0.106
2026-09-28T20:14:08.892+00:00,ospf,rev,309,OK,0.528
2026-09-28T20:14:09.095+00:00,ospf,rev,310,OK,0.171
2026-09-28T20:14:09.299+00:00,ospf,rev,311,OK,0.109
2026-09-28T20:14:09.507+00:00,ospf,rev,312,OK,0.169
2026-09-28T20:14:09.711+00:00,ospf,rev,313,OK,0.133
2026-09-28T20:14:09.915+00:00,ospf,rev,314,OK,0.132
2026-09-28T20:14:10.119+00:00,ospf,rev,315,OK,0.126
2026-09-28T20:14:10.323+00:00,ospf,rev,316,OK,0.131
2026-09-28T20:14:10.527+00:00,ospf,rev,317,OK,0.139
2026-09-28T20:14:10.731+00:00,ospf,rev,318,OK,0.171
2026-09-28T20:14:10.935+00:00,ospf,rev,319,OK,0.135
2026-09-28T20:14:11.139+00:00,ospf,rev,320,OK,0.152
2026-09-28T20:14:11.343+00:00,ospf,rev,321,OK,0.174
2026-09-28T20:14:11.547+00:00,ospf,rev,322,OK,0.115
2026-09-28T20:14:11.751+00:00,ospf,rev,323,OK,0.098
2026-09-28T20:14:11.955+00:00,ospf,rev,324,OK,0.162
2026-09-28T20:14:12.159+00:00,ospf,rev,325,OK,0.211
2026-09-28T20:14:12.363+00:00,ospf,rev,326,OK,0.178
2026-09-28T20:14:12.567+00:00,ospf,rev,327,OK,0.136
2026-09-28T20:14:12.775+00:00,ospf,rev,328,OK,0.158
2026-09-28T20:14:12.979+00:00,ospf,rev,329,OK,0.100
2026-09-28T20:14:13.183+00:00,ospf,rev,330,OK,0.169
2026-09-28T20:14:13.387+00:00,ospf,rev,331,OK,0.099
2026-09-28T20:14:13.595+00:00,ospf,rev,332,OK,0.197
2026-09-28T20:14:13.799+00:00,ospf,rev,333,OK,0.164
2026-09-28T20:14:14.003+00:00,ospf,rev,334,OK,0.107
2026-09-28T20:14:14.207+00:00,ospf,rev,335,OK,0.164
2026-09-28T20:14:14.411+00:00,ospf,rev,336,OK,0.182
2026-09-28T20:14:14.615+00:00,ospf,rev,337,OK,0.114
2026-09-28T20:14:14.819+00:00,ospf,rev,338,OK,0.172
2026-09-28T20:14:15.023+00:00,ospf,rev,339,OK,0.164
2026-09-28T20:14:15.227+00:00,ospf,rev,340,OK,0.274
2026-09-28T20:14:15.435+00:00,ospf,rev,341,OK,0.200
2026-09-28T20:14:15.639+00:00,ospf,rev,342,OK,0.136
2026-09-28T20:14:15.843+00:00,ospf,rev,343,OK,0.184
2026-09-28T20:14:16.048+00:00,ospf,rev,344,OK,0.203
2026-09-28T20:14:16.251+00:00,ospf,rev,345,OK,0.189
2026-09-28T20:14:16.456+00:00,ospf,rev,346,OK,0.122
2026-09-28T20:14:16.659+00:00,ospf,rev,347,OK,0.116
2026-09-28T20:14:16.863+00:00,ospf,rev,348,OK,0.128
2026-09-28T20:14:17.067+00:00,ospf,rev,349,OK,0.168
2026-09-28T20:14:17.275+00:00,ospf,rev,350,OK,0.154
2026-09-28T20:14:17.479+00:00,ospf,rev,351,OK,0.126
2026-09-28T20:14:17.683+00:00,ospf,rev,352,OK,0.081
2026-09-28T20:14:17.887+00:00,ospf,rev,353,OK,0.147
2026-09-28T20:14:18.091+00:00,ospf,rev,354,OK,0.149
2026-09-28T20:14:18.295+00:00,ospf,rev,355,OK,0.172
2026-09-28T20:14:18.503+00:00,ospf,rev,356,OK,0.128
2026-09-28T20:14:18.707+00:00,ospf,rev,357,OK,0.170
2026-09-28T20:14:18.911+00:00,ospf,rev,358,OK,0.139
2026-09-28T20:14:19.119+00:00,ospf,rev,359,OK,0.116
2026-09-28T20:14:19.327+00:00,ospf,rev,360,OK,0.234
2026-09-28T20:14:19.531+00:00,ospf,rev,361,OK,0.201
2026-09-28T20:14:19.735+00:00,ospf,rev,362,OK,0.137
2026-09-28T20:14:19.939+00:00,ospf,rev,363,OK,0.151
2026-09-28T20:14:20.147+00:00,ospf,rev,364,OK,0.172
2026-09-28T20:14:20.353+00:00,ospf,rev,365,OK,0.187
2026-09-28T20:14:20.555+00:00,ospf,rev,366,OK,0.151
2026-09-28T20:14:20.759+00:00,ospf,rev,367,OK,0.127
2026-09-28T20:14:20.963+00:00,ospf,rev,368,OK,0.114
2026-09-28T20:14:21.167+00:00,ospf,rev,369,OK,0.100
2026-09-28T20:14:21.371+00:00,ospf,rev,370,OK,0.118
2026-09-28T20:14:21.579+00:00,ospf,rev,371,OK,0.219
2026-09-28T20:14:21.783+00:00,ospf,rev,372,OK,0.196
2026-09-28T20:14:21.987+00:00,ospf,rev,373,OK,0.144
2026-09-28T20:14:22.191+00:00,ospf,rev,374,OK,0.107
2026-09-28T20:14:22.396+00:00,ospf,rev,375,OK,0.607
2026-09-28T20:14:22.599+00:00,ospf,rev,376,OK,0.147
2026-09-28T20:14:22.807+00:00,ospf,rev,377,OK,0.157
2026-09-28T20:14:23.011+00:00,ospf,rev,378,OK,0.098
2026-09-28T20:14:23.215+00:00,ospf,rev,379,OK,0.114
2026-09-28T20:14:23.419+00:00,ospf,rev,380,OK,0.163
2026-09-28T20:14:23.623+00:00,ospf,rev,381,OK,0.168
2026-09-28T20:14:23.827+00:00,ospf,rev,382,OK,0.151
2026-09-28T20:14:24.031+00:00,ospf,rev,383,OK,0.135
2026-09-28T20:14:24.235+00:00,ospf,rev,384,OK,0.188
2026-09-28T20:14:24.439+00:00,ospf,rev,385,OK,0.109
2026-09-28T20:14:24.643+00:00,ospf,rev,386,OK,0.116
2026-09-28T20:14:24.847+00:00,ospf,rev,387,OK,0.123
2026-09-28T20:14:25.051+00:00,ospf,rev,388,OK,0.083
2026-09-28T20:14:25.255+00:00,ospf,rev,389,OK,0.169
2026-09-28T20:14:25.459+00:00,ospf,rev,390,OK,0.137
2026-09-28T20:14:25.667+00:00,ospf,rev,391,OK,0.157
2026-09-28T20:14:25.871+00:00,ospf,rev,392,OK,0.132
2026-09-28T20:14:26.075+00:00,ospf,rev,393,OK,0.127
2026-09-28T20:14:26.279+00:00,ospf,rev,394,OK,0.131
2026-09-28T20:14:26.484+00:00,ospf,rev,395,OK,0.171
2026-09-28T20:14:26.691+00:00,ospf,rev,396,OK,0.131
2026-09-28T20:14:26.895+00:00,ospf,rev,397,OK,0.172
2026-09-28T20:14:27.099+00:00,ospf,rev,398,OK,0.189
2026-09-28T20:14:27.304+00:00,ospf,rev,399,OK,0.172
2026-09-28T20:14:27.507+00:00,ospf,rev,400,OK,0.305
2026-09-28T20:14:27.711+00:00,ospf,rev,401,OK,0.165
2026-09-28T20:14:27.915+00:00,ospf,rev,402,OK,0.188
2026-09-28T20:14:28.119+00:00,ospf,rev,403,OK,0.123
2026-09-28T20:14:28.323+00:00,ospf,rev,404,OK,0.123
2026-09-28T20:14:28.531+00:00,ospf,rev,405,OK,0.142
2026-09-28T20:14:28.735+00:00,ospf,rev,406,OK,0.161
2026-09-28T20:14:28.939+00:00,ospf,rev,407,OK,0.104
2026-09-28T20:14:29.143+00:00,ospf,rev,408,OK,0.139
2026-09-28T20:14:29.347+00:00,ospf,rev,409,OK,0.178
2026-09-28T20:14:29.555+00:00,ospf,rev,410,OK,0.191
2026-09-28T20:14:29.759+00:00,ospf,rev,411,OK,0.160
2026-09-28T20:14:29.963+00:00,ospf,rev,412,OK,0.176
2026-09-28T20:14:30.167+00:00,ospf,rev,413,OK,0.162
2026-09-28T20:14:30.371+00:00,ospf,rev,414,OK,0.196
2026-09-28T20:14:30.575+00:00,ospf,rev,415,OK,0.216
2026-09-28T20:14:30.779+00:00,ospf,rev,416,OK,0.270
2026-09-28T20:14:30.983+00:00,ospf,rev,417,OK,0.169
2026-09-28T20:14:31.191+00:00,ospf,rev,418,OK,0.169
2026-09-28T20:14:31.395+00:00,ospf,rev,419,OK,0.165
2026-09-28T20:14:31.600+00:00,ospf,rev,420,OK,0.561
2026-09-28T20:14:31.807+00:00,ospf,rev,421,OK,0.152
2026-09-28T20:14:32.011+00:00,ospf,rev,422,OK,0.166
2026-09-28T20:14:32.215+00:00,ospf,rev,423,OK,0.161
2026-09-28T20:14:32.419+00:00,ospf,rev,424,OK,0.109
2026-09-28T20:14:32.623+00:00,ospf,rev,425,OK,0.141
2026-09-28T20:14:32.832+00:00,ospf,rev,426,OK,0.283
2026-09-28T20:14:33.031+00:00,ospf,rev,427,OK,0.101
2026-09-28T20:14:33.235+00:00,ospf,rev,428,OK,0.101
2026-09-28T20:14:33.440+00:00,ospf,rev,429,OK,0.181
2026-09-28T20:14:33.643+00:00,ospf,rev,430,OK,0.185
2026-09-28T20:14:33.848+00:00,ospf,rev,431,OK,0.519
2026-09-28T20:14:34.055+00:00,ospf,rev,432,OK,0.176
2026-09-28T20:14:34.263+00:00,ospf,rev,433,OK,0.139
2026-09-28T20:14:34.472+00:00,ospf,rev,434,OK,0.156
2026-09-28T20:14:34.675+00:00,ospf,rev,435,OK,0.150
2026-09-28T20:14:34.883+00:00,ospf,rev,436,OK,0.142
2026-09-28T20:14:35.087+00:00,ospf,rev,437,OK,0.193
2026-09-28T20:14:35.291+00:00,ospf,rev,438,OK,0.145
2026-09-28T20:14:35.495+00:00,ospf,rev,439,OK,0.168
2026-09-28T20:14:35.699+00:00,ospf,rev,440,OK,0.158
2026-09-28T20:14:35.903+00:00,ospf,rev,441,OK,0.132
2026-09-28T20:14:36.107+00:00,ospf,rev,442,OK,0.120
2026-09-28T20:14:36.311+00:00,ospf,rev,443,OK,0.178
2026-09-28T20:14:36.515+00:00,ospf,rev,444,OK,0.168
2026-09-28T20:14:36.719+00:00,ospf,rev,445,OK,0.156
2026-09-28T20:14:36.923+00:00,ospf,rev,446,OK,0.119
2026-09-28T20:14:37.127+00:00,ospf,rev,447,OK,0.130
2026-09-28T20:14:37.331+00:00,ospf,rev,448,OK,0.140
2026-09-28T20:14:37.535+00:00,ospf,rev,449,OK,0.100
2026-09-28T20:14:37.739+00:00,ospf,rev,450,OK,0.095
2026-09-28T20:14:37.943+00:00,ospf,rev,451,OK,0.159
2026-09-28T20:14:38.147+00:00,ospf,rev,452,OK,0.122
2026-09-28T20:14:38.351+00:00,ospf,rev,453,OK,0.123
2026-09-28T20:14:38.555+00:00,ospf,rev,454,OK,0.108
2026-09-28T20:14:38.759+00:00,ospf,rev,455,OK,0.158
2026-09-28T20:14:38.963+00:00,ospf,rev,456,OK,0.109
2026-09-28T20:14:39.167+00:00,ospf,rev,457,OK,0.095
2026-09-28T20:14:39.371+00:00,ospf,rev,458,OK,0.131
2026-09-28T20:14:39.575+00:00,ospf,rev,459,OK,0.122
2026-09-28T20:14:39.779+00:00,ospf,rev,460,OK,0.128
2026-09-28T20:14:39.983+00:00,ospf,rev,461,OK,0.153
2026-09-28T20:14:40.187+00:00,ospf,rev,462,OK,0.096
2026-09-28T20:14:40.391+00:00,ospf,rev,463,OK,0.146
2026-09-28T20:14:40.595+00:00,ospf,rev,464,OK,0.157
2026-09-28T20:14:40.803+00:00,ospf,rev,465,OK,0.136
2026-09-28T20:14:41.007+00:00,ospf,rev,466,OK,0.140
2026-09-28T20:14:41.212+00:00,ospf,rev,467,OK,0.175
2026-09-28T20:14:41.415+00:00,ospf,rev,468,OK,0.164
2026-09-28T20:14:41.619+00:00,ospf,rev,469,OK,0.162
2026-09-28T20:14:41.823+00:00,ospf,rev,470,OK,0.129
2026-09-28T20:14:42.027+00:00,ospf,rev,471,OK,0.189
2026-09-28T20:14:42.231+00:00,ospf,rev,472,OK,0.132
2026-09-28T20:14:42.435+00:00,ospf,rev,473,OK,0.161
2026-09-28T20:14:42.639+00:00,ospf,rev,474,OK,0.132
2026-09-28T20:14:42.843+00:00,ospf,rev,475,OK,0.134
2026-09-28T20:14:43.047+00:00,ospf,rev,476,OK,0.160
2026-09-28T20:14:43.255+00:00,ospf,rev,477,OK,0.162
2026-09-28T20:14:43.463+00:00,ospf,rev,478,OK,0.085
2026-09-28T20:14:43.667+00:00,ospf,rev,479,OK,0.106
2026-09-28T20:14:43.875+00:00,ospf,rev,480,OK,0.145
2026-09-28T20:14:44.079+00:00,ospf,rev,481,OK,0.102
2026-09-28T20:14:44.283+00:00,ospf,rev,482,OK,0.205
2026-09-28T20:14:44.487+00:00,ospf,rev,483,OK,0.138
2026-09-28T20:14:44.691+00:00,ospf,rev,484,OK,0.182
2026-09-28T20:14:44.895+00:00,ospf,rev,485,OK,0.128
2026-09-28T20:14:45.099+00:00,ospf,rev,486,OK,0.089
2026-09-28T20:14:45.307+00:00,ospf,rev,487,OK,0.133
2026-09-28T20:14:45.511+00:00,ospf,rev,488,OK,0.166
2026-09-28T20:14:45.719+00:00,ospf,rev,489,OK,0.143
2026-09-28T20:14:45.923+00:00,ospf,rev,490,OK,0.173
2026-09-28T20:14:46.127+00:00,ospf,rev,491,OK,0.175
2026-09-28T20:14:46.331+00:00,ospf,rev,492,OK,0.130
2026-09-28T20:14:46.535+00:00,ospf,rev,493,OK,0.129
2026-09-28T20:14:46.739+00:00,ospf,rev,494,OK,0.236
2026-09-28T20:14:46.943+00:00,ospf,rev,495,OK,0.154
2026-09-28T20:14:47.147+00:00,ospf,rev,496,OK,0.133
2026-09-28T20:14:47.351+00:00,ospf,rev,497,OK,0.118
2026-09-28T20:14:47.555+00:00,ospf,rev,498,OK,0.136
2026-09-28T20:14:47.759+00:00,ospf,rev,499,OK,0.102
2026-09-28T20:14:47.963+00:00,ospf,rev,500,OK,0.230
2026-09-28T20:14:48.167+00:00,ospf,rev,501,OK,0.177
2026-09-28T20:14:48.376+00:00,ospf,rev,502,OK,0.223
2026-09-28T20:14:48.579+00:00,ospf,rev,503,OK,0.140
2026-09-28T20:14:48.783+00:00,ospf,rev,504,OK,0.169
2026-09-28T20:14:48.992+00:00,ospf,rev,505,OK,0.202
2026-09-28T20:14:49.199+00:00,ospf,rev,506,OK,0.190
2026-09-28T20:14:49.403+00:00,ospf,rev,507,OK,0.208
2026-09-28T20:14:49.607+00:00,ospf,rev,508,OK,0.154
2026-09-28T20:14:49.811+00:00,ospf,rev,509,OK,0.091
2026-09-28T20:14:50.015+00:00,ospf,rev,510,OK,0.149
2026-09-28T20:14:50.219+00:00,ospf,rev,511,OK,0.155
2026-09-28T20:14:50.423+00:00,ospf,rev,512,OK,0.108
2026-09-28T20:14:50.627+00:00,ospf,rev,513,OK,0.103
2026-09-28T20:14:50.831+00:00,ospf,rev,514,OK,0.151
2026-09-28T20:14:51.035+00:00,ospf,rev,515,OK,0.101
2026-09-28T20:14:51.239+00:00,ospf,rev,516,OK,0.124
2026-09-28T20:14:51.447+00:00,ospf,rev,517,OK,0.134
2026-09-28T20:14:51.651+00:00,ospf,rev,518,OK,0.094
2026-09-28T20:14:51.855+00:00,ospf,rev,519,OK,0.119
2026-09-28T20:14:52.059+00:00,ospf,rev,520,OK,0.171
2026-09-28T20:14:52.268+00:00,ospf,rev,521,OK,0.164
2026-09-28T20:14:52.471+00:00,ospf,rev,522,OK,0.101
2026-09-28T20:14:52.675+00:00,ospf,rev,523,OK,0.139
2026-09-28T20:14:52.879+00:00,ospf,rev,524,OK,0.122
2026-09-28T20:14:53.083+00:00,ospf,rev,525,OK,0.136
2026-09-28T20:14:53.287+00:00,ospf,rev,526,OK,0.169
2026-09-28T20:14:53.491+00:00,ospf,rev,527,OK,0.148
2026-09-28T20:14:53.695+00:00,ospf,rev,528,OK,0.162
2026-09-28T20:14:53.899+00:00,ospf,rev,529,OK,0.118
2026-09-28T20:14:54.103+00:00,ospf,rev,530,OK,0.130
2026-09-28T20:14:54.307+00:00,ospf,rev,531,OK,0.127
2026-09-28T20:14:54.511+00:00,ospf,rev,532,OK,0.124
2026-09-28T20:14:54.715+00:00,ospf,rev,533,OK,0.108
2026-09-28T20:14:54.923+00:00,ospf,rev,534,OK,0.206
2026-09-28T20:14:55.127+00:00,ospf,rev,535,OK,0.169
2026-09-28T20:14:55.331+00:00,ospf,rev,536,OK,0.172
2026-09-28T20:14:55.535+00:00,ospf,rev,537,OK,0.149
2026-09-28T20:14:55.739+00:00,ospf,rev,538,OK,0.130
2026-09-28T20:14:55.947+00:00,ospf,rev,539,OK,0.139
2026-09-28T20:14:56.151+00:00,ospf,rev,540,OK,0.188
2026-09-28T20:14:56.355+00:00,ospf,rev,541,OK,0.122
2026-09-28T20:14:56.559+00:00,ospf,rev,542,OK,0.096
2026-09-28T20:14:56.763+00:00,ospf,rev,543,OK,0.082
2026-09-28T20:14:56.967+00:00,ospf,rev,544,OK,0.127
2026-09-28T20:14:57.175+00:00,ospf,rev,545,OK,0.174
2026-09-28T20:14:57.379+00:00,ospf,rev,546,OK,0.169
2026-09-28T20:14:57.583+00:00,ospf,rev,547,OK,0.081
2026-09-28T20:14:57.787+00:00,ospf,rev,548,OK,0.122
2026-09-28T20:14:57.991+00:00,ospf,rev,549,OK,0.256
2026-09-28T20:14:58.195+00:00,ospf,rev,550,OK,0.137
2026-09-28T20:14:58.399+00:00,ospf,rev,551,OK,0.202
2026-09-28T20:14:58.603+00:00,ospf,rev,552,OK,0.144
2026-09-28T20:14:58.807+00:00,ospf,rev,553,OK,0.178
2026-09-28T20:14:59.011+00:00,ospf,rev,554,OK,0.118
2026-09-28T20:14:59.219+00:00,ospf,rev,555,OK,0.129
2026-09-28T20:14:59.427+00:00,ospf,rev,556,OK,0.128
2026-09-28T20:14:59.631+00:00,ospf,rev,557,OK,0.172
2026-09-28T20:14:59.835+00:00,ospf,rev,558,OK,0.136
2026-09-28T20:15:00.039+00:00,ospf,rev,559,OK,0.168
2026-09-28T20:15:00.248+00:00,ospf,rev,560,OK,0.172
2026-09-28T20:15:00.451+00:00,ospf,rev,561,OK,0.153
2026-09-28T20:15:00.655+00:00,ospf,rev,562,OK,0.105
2026-09-28T20:15:00.859+00:00,ospf,rev,563,OK,0.157
2026-09-28T20:15:01.063+00:00,ospf,rev,564,OK,0.158
2026-09-28T20:15:01.268+00:00,ospf,rev,565,OK,0.135
2026-09-28T20:15:01.471+00:00,ospf,rev,566,OK,0.135
2026-09-28T20:15:01.675+00:00,ospf,rev,567,OK,0.117
2026-09-28T20:15:01.879+00:00,ospf,rev,568,OK,0.128
2026-09-28T20:15:02.083+00:00,ospf,rev,569,OK,0.135
2026-09-28T20:15:02.288+00:00,ospf,rev,570,OK,0.165
2026-09-28T20:15:02.491+00:00,ospf,rev,571,OK,0.227
2026-09-28T20:15:02.695+00:00,ospf,rev,572,OK,0.220
2026-09-28T20:15:02.903+00:00,ospf,rev,573,OK,0.115
2026-09-28T20:15:03.107+00:00,ospf,rev,574,OK,0.172
2026-09-28T20:15:03.315+00:00,ospf,rev,575,OK,0.155
2026-09-28T20:15:03.520+00:00,ospf,rev,576,OK,0.165
2026-09-28T20:15:03.724+00:00,ospf,rev,577,OK,0.279
2026-09-28T20:15:03.927+00:00,ospf,rev,578,OK,0.181
2026-09-28T20:15:04.131+00:00,ospf,rev,579,OK,0.103
2026-09-28T20:15:04.335+00:00,ospf,rev,580,OK,0.190
2026-09-28T20:15:04.539+00:00,ospf,rev,581,OK,0.112
2026-09-28T20:15:04.743+00:00,ospf,rev,582,OK,0.082
2026-09-28T20:15:04.947+00:00,ospf,rev,583,OK,0.110
2026-09-28T20:15:05.151+00:00,ospf,rev,584,OK,0.110
2026-09-28T20:15:05.355+00:00,ospf,rev,585,OK,0.132
2026-09-28T20:15:05.563+00:00,ospf,rev,586,OK,0.088
2026-09-28T20:15:05.767+00:00,ospf,rev,587,OK,0.481
2026-09-28T20:15:05.971+00:00,ospf,rev,588,OK,0.155
2026-09-28T20:15:06.179+00:00,ospf,rev,589,OK,0.140
2026-09-28T20:15:06.383+00:00,ospf,rev,590,OK,0.109
2026-09-28T20:15:06.591+00:00,ospf,rev,591,OK,0.133
2026-09-28T20:15:06.799+00:00,ospf,rev,592,OK,0.137
2026-09-28T20:15:07.003+00:00,ospf,rev,593,OK,0.149
2026-09-28T20:15:07.211+00:00,ospf,rev,594,OK,0.144
2026-09-28T20:15:07.411+00:00,ospf,rev,595,OK,0.123
2026-09-28T20:15:07.619+00:00,ospf,rev,596,OK,0.103
2026-09-28T20:15:07.823+00:00,ospf,rev,597,OK,0.119
2026-09-28T20:15:08.027+00:00,ospf,rev,598,OK,0.142
2026-09-28T20:15:08.231+00:00,ospf,rev,599,OK,0.172
2026-09-28T20:15:08.440+00:00,ospf,rev,600,OK,0.574
2026-09-28T20:15:08.643+00:00,ospf,rev,601,OK,0.149
2026-09-28T20:15:08.847+00:00,ospf,rev,602,OK,0.160
2026-09-28T20:15:09.051+00:00,ospf,rev,603,OK,0.158
2026-09-28T20:15:09.255+00:00,ospf,rev,604,OK,0.114
2026-09-28T20:15:09.460+00:00,ospf,rev,605,OK,0.600
2026-09-28T20:15:09.667+00:00,ospf,rev,606,OK,0.167
2026-09-28T20:15:09.871+00:00,ospf,rev,607,OK,0.142
2026-09-28T20:15:10.075+00:00,ospf,rev,608,OK,0.161
2026-09-28T20:15:10.279+00:00,ospf,rev,609,OK,0.149
2026-09-28T20:15:10.487+00:00,ospf,rev,610,OK,0.128
2026-09-28T20:15:10.695+00:00,ospf,rev,611,OK,0.136
2026-09-28T20:15:10.899+00:00,ospf,rev,612,OK,0.095
2026-09-28T20:15:11.103+00:00,ospf,rev,613,OK,0.097
2026-09-28T20:15:11.307+00:00,ospf,rev,614,OK,0.114
2026-09-28T20:15:11.511+00:00,ospf,rev,615,OK,0.136
2026-09-28T20:15:11.720+00:00,ospf,rev,616,OK,0.138
2026-09-28T20:15:11.923+00:00,ospf,rev,617,OK,0.092
2026-09-28T20:15:12.127+00:00,ospf,rev,618,OK,0.094
2026-09-28T20:15:12.331+00:00,ospf,rev,619,OK,0.095
2026-09-28T20:15:12.535+00:00,ospf,rev,620,OK,0.154
2026-09-28T20:15:12.739+00:00,ospf,rev,621,OK,0.161
2026-09-28T20:15:12.947+00:00,ospf,rev,622,OK,0.150
2026-09-28T20:15:13.151+00:00,ospf,rev,623,OK,0.098
2026-09-28T20:15:13.355+00:00,ospf,rev,624,OK,0.134
2026-09-28T20:15:13.559+00:00,ospf,rev,625,OK,0.094
2026-09-28T20:15:13.763+00:00,ospf,rev,626,OK,0.121
2026-09-28T20:15:13.967+00:00,ospf,rev,627,OK,0.132
2026-09-28T20:15:14.171+00:00,ospf,rev,628,OK,0.108
2026-09-28T20:15:14.375+00:00,ospf,rev,629,OK,0.134
2026-09-28T20:15:14.579+00:00,ospf,rev,630,OK,0.136
2026-09-28T20:15:14.783+00:00,ospf,rev,631,OK,0.127
2026-09-28T20:15:14.987+00:00,ospf,rev,632,OK,0.181
2026-09-28T20:15:15.195+00:00,ospf,rev,633,OK,0.158
2026-09-28T20:15:15.399+00:00,ospf,rev,634,OK,0.150
2026-09-28T20:15:15.603+00:00,ospf,rev,635,OK,0.092
2026-09-28T20:15:15.807+00:00,ospf,rev,636,OK,0.084
2026-09-28T20:15:16.012+00:00,ospf,rev,637,OK,0.647
2026-09-28T20:15:16.211+00:00,ospf,rev,638,OK,0.110
2026-09-28T20:15:16.415+00:00,ospf,rev,639,OK,0.118
2026-09-28T20:15:16.619+00:00,ospf,rev,640,OK,0.081
2026-09-28T20:15:16.823+00:00,ospf,rev,641,OK,0.136
2026-09-28T20:15:17.027+00:00,ospf,rev,642,OK,0.109
2026-09-28T20:15:17.231+00:00,ospf,rev,643,OK,0.193
2026-09-28T20:15:17.435+00:00,ospf,rev,644,OK,0.202
2026-09-28T20:15:17.644+00:00,ospf,rev,645,OK,0.214
2026-09-28T20:15:17.847+00:00,ospf,rev,646,OK,0.166
2026-09-28T20:15:18.051+00:00,ospf,rev,647,OK,0.172
2026-09-28T20:15:18.259+00:00,ospf,rev,648,OK,0.180
2026-09-28T20:15:18.463+00:00,ospf,rev,649,OK,0.124
2026-09-28T20:15:18.668+00:00,ospf,rev,650,OK,0.132
2026-09-28T20:15:18.871+00:00,ospf,rev,651,OK,0.127
2026-09-28T20:15:19.075+00:00,ospf,rev,652,OK,0.098
2026-09-28T20:15:19.279+00:00,ospf,rev,653,OK,0.109
2026-09-28T20:15:19.483+00:00,ospf,rev,654,OK,0.159
2026-09-28T20:15:19.687+00:00,ospf,rev,655,OK,0.141
2026-09-28T20:15:19.891+00:00,ospf,rev,656,OK,0.149
2026-09-28T20:15:20.095+00:00,ospf,rev,657,OK,0.102
2026-09-28T20:15:20.299+00:00,ospf,rev,658,OK,0.102
2026-09-28T20:15:20.503+00:00,ospf,rev,659,OK,0.120
2026-09-28T20:15:20.707+00:00,ospf,rev,660,OK,0.142
2026-09-28T20:15:20.915+00:00,ospf,rev,661,OK,0.132
2026-09-28T20:15:21.119+00:00,ospf,rev,662,OK,0.120
2026-09-28T20:15:21.323+00:00,ospf,rev,663,OK,0.114
2026-09-28T20:15:21.527+00:00,ospf,rev,664,OK,0.101
2026-09-28T20:15:21.731+00:00,ospf,rev,665,OK,0.143
2026-09-28T20:15:21.935+00:00,ospf,rev,666,OK,0.119
2026-09-28T20:15:22.139+00:00,ospf,rev,667,OK,0.103
2026-09-28T20:15:22.343+00:00,ospf,rev,668,OK,0.135
2026-09-28T20:15:22.547+00:00,ospf,rev,669,OK,0.117
2026-09-28T20:15:22.751+00:00,ospf,rev,670,OK,0.124
2026-09-28T20:15:22.956+00:00,ospf,rev,671,OK,0.185
2026-09-28T20:15:23.159+00:00,ospf,rev,672,OK,0.134
2026-09-28T20:15:23.363+00:00,ospf,rev,673,OK,0.101
2026-09-28T20:15:23.567+00:00,ospf,rev,674,OK,0.093
2026-09-28T20:15:23.771+00:00,ospf,rev,675,OK,0.086
2026-09-28T20:15:23.975+00:00,ospf,rev,676,OK,0.142
2026-09-28T20:15:24.179+00:00,ospf,rev,677,OK,0.136
2026-09-28T20:15:24.383+00:00,ospf,rev,678,OK,0.140
2026-09-28T20:15:24.587+00:00,ospf,rev,679,OK,0.132
2026-09-28T20:15:24.791+00:00,ospf,rev,680,OK,0.098
2026-09-28T20:15:24.995+00:00,ospf,rev,681,OK,0.123
2026-09-28T20:15:25.199+00:00,ospf,rev,682,OK,0.177
2026-09-28T20:15:25.403+00:00,ospf,rev,683,OK,0.188
2026-09-28T20:15:25.611+00:00,ospf,rev,684,OK,0.166
2026-09-28T20:15:25.815+00:00,ospf,rev,685,OK,0.120
2026-09-28T20:15:26.019+00:00,ospf,rev,686,OK,0.237
2026-09-28T20:15:26.227+00:00,ospf,rev,687,OK,0.224
2026-09-28T20:15:26.431+00:00,ospf,rev,688,OK,0.149
2026-09-28T20:15:26.635+00:00,ospf,rev,689,OK,0.129
2026-09-28T20:15:26.839+00:00,ospf,rev,690,OK,0.245
2026-09-28T20:15:27.043+00:00,ospf,rev,691,OK,0.096
2026-09-28T20:15:27.247+00:00,ospf,rev,692,OK,0.138
2026-09-28T20:15:27.451+00:00,ospf,rev,693,OK,0.090
2026-09-28T20:15:27.655+00:00,ospf,rev,694,OK,0.087
2026-09-28T20:15:27.859+00:00,ospf,rev,695,OK,0.111
2026-09-28T20:15:28.063+00:00,ospf,rev,696,OK,0.095
2026-09-28T20:15:28.267+00:00,ospf,rev,697,OK,0.144
2026-09-28T20:15:28.471+00:00,ospf,rev,698,OK,0.144
2026-09-28T20:15:28.676+00:00,ospf,rev,699,OK,0.181
2026-09-28T20:15:28.879+00:00,ospf,rev,700,OK,0.122
2026-09-28T20:15:29.083+00:00,ospf,rev,701,OK,0.160
2026-09-28T20:15:29.287+00:00,ospf,rev,702,OK,0.141
2026-09-28T20:15:29.491+00:00,ospf,rev,703,OK,0.141
2026-09-28T20:15:29.695+00:00,ospf,rev,704,OK,0.137
2026-09-28T20:15:29.899+00:00,ospf,rev,705,OK,0.167
2026-09-28T20:15:30.103+00:00,ospf,rev,706,OK,0.107
2026-09-28T20:15:30.307+00:00,ospf,rev,707,OK,0.171
2026-09-28T20:15:30.511+00:00,ospf,rev,708,OK,0.105
2026-09-28T20:15:30.715+00:00,ospf,rev,709,OK,0.096
2026-09-28T20:15:30.919+00:00,ospf,rev,710,OK,0.159
2026-09-28T20:15:31.123+00:00,ospf,rev,711,OK,0.135
2026-09-28T20:15:31.327+00:00,ospf,rev,712,OK,0.190
2026-09-28T20:15:31.531+00:00,ospf,rev,713,OK,0.099
2026-09-28T20:15:31.735+00:00,ospf,rev,714,OK,0.193
2026-09-28T20:15:31.939+00:00,ospf,rev,715,OK,0.144
2026-09-28T20:15:32.143+00:00,ospf,rev,716,OK,0.147
2026-09-28T20:15:32.347+00:00,ospf,rev,717,OK,0.146
2026-09-28T20:15:32.551+00:00,ospf,rev,718,OK,0.100
2026-09-28T20:15:32.760+00:00,ospf,rev,719,OK,0.139
2026-09-28T20:15:32.967+00:00,ospf,rev,720,OK,0.183
2026-09-28T20:15:33.175+00:00,ospf,rev,721,OK,0.175
2026-09-28T20:15:33.379+00:00,ospf,rev,722,OK,0.184
2026-09-28T20:15:33.583+00:00,ospf,rev,723,OK,0.178
2026-09-28T20:15:33.791+00:00,ospf,rev,724,OK,0.166
2026-09-28T20:15:33.991+00:00,ospf,rev,725,OK,0.191
2026-09-28T20:15:34.195+00:00,ospf,rev,726,OK,0.199
2026-09-28T20:15:34.403+00:00,ospf,rev,727,OK,0.176
2026-09-28T20:15:34.611+00:00,ospf,rev,728,OK,0.165
2026-09-28T20:15:34.819+00:00,ospf,rev,729,OK,0.330
2026-09-28T20:15:35.027+00:00,ospf,rev,730,OK,0.214
2026-09-28T20:15:35.235+00:00,ospf,rev,731,OK,0.180
2026-09-28T20:15:35.444+00:00,ospf,rev,732,OK,0.167
2026-09-28T20:15:35.647+00:00,ospf,rev,733,OK,0.154
2026-09-28T20:15:35.851+00:00,ospf,rev,734,OK,0.209
2026-09-28T20:15:36.057+00:00,ospf,rev,735,OK,0.158
2026-09-28T20:15:36.260+00:00,ospf,rev,736,OK,0.193
2026-09-28T20:15:36.463+00:00,ospf,rev,737,OK,0.182
2026-09-28T20:15:36.667+00:00,ospf,rev,738,OK,0.193
2026-09-28T20:15:36.871+00:00,ospf,rev,739,OK,0.193
2026-09-28T20:15:37.079+00:00,ospf,rev,740,OK,0.215
2026-09-28T20:15:37.283+00:00,ospf,rev,741,OK,0.198
2026-09-28T20:15:37.491+00:00,ospf,rev,742,OK,0.178
2026-09-28T20:15:37.695+00:00,ospf,rev,743,OK,0.187
2026-09-28T20:15:37.903+00:00,ospf,rev,744,OK,0.213
2026-09-28T20:15:38.107+00:00,ospf,rev,745,OK,0.277
2026-09-28T20:15:38.312+00:00,ospf,rev,746,OK,0.155
2026-09-28T20:15:38.515+00:00,ospf,rev,747,OK,0.169
2026-09-28T20:15:38.719+00:00,ospf,rev,748,OK,0.181
2026-09-28T20:15:38.923+00:00,ospf,rev,749,OK,0.182
2026-09-28T20:15:39.127+00:00,ospf,rev,750,OK,0.186
2026-09-28T20:15:39.331+00:00,ospf,rev,751,OK,0.176
2026-09-28T20:15:39.535+00:00,ospf,rev,752,OK,0.219
2026-09-28T20:15:39.739+00:00,ospf,rev,753,OK,0.163
2026-09-28T20:15:39.943+00:00,ospf,rev,754,OK,0.260
2026-09-28T20:15:40.147+00:00,ospf,rev,755,OK,0.188
2026-09-28T20:15:40.355+00:00,ospf,rev,756,OK,0.158
2026-09-28T20:15:40.559+00:00,ospf,rev,757,OK,0.185
2026-09-28T20:15:40.768+00:00,ospf,rev,758,OK,0.942
2026-09-28T20:15:40.968+00:00,ospf,rev,759,OK,0.190
2026-09-28T20:15:41.172+00:00,ospf,rev,760,OK,0.222
2026-09-28T20:15:41.380+00:00,ospf,rev,761,OK,0.269
2026-09-28T20:15:41.583+00:00,ospf,rev,762,OK,0.135
2026-09-28T20:15:41.791+00:00,ospf,rev,763,OK,0.177
2026-09-28T20:15:41.996+00:00,ospf,rev,764,OK,0.176
2026-09-28T20:15:42.203+00:00,ospf,rev,765,OK,0.149
2026-09-28T20:15:42.407+00:00,ospf,rev,766,OK,0.191
2026-09-28T20:15:42.615+00:00,ospf,rev,767,OK,0.133
2026-09-28T20:15:42.823+00:00,ospf,rev,768,OK,0.170
2026-09-28T20:15:43.027+00:00,ospf,rev,769,OK,0.197
2026-09-28T20:15:43.231+00:00,ospf,rev,770,OK,0.202
2026-09-28T20:15:43.439+00:00,ospf,rev,771,OK,0.186
2026-09-28T20:15:43.643+00:00,ospf,rev,772,OK,0.223
2026-09-28T20:15:43.847+00:00,ospf,rev,773,OK,0.188
2026-09-28T20:15:44.051+00:00,ospf,rev,774,OK,0.247
2026-09-28T20:15:44.260+00:00,ospf,rev,775,OK,0.335
2026-09-28T20:15:44.463+00:00,ospf,rev,776,OK,0.165
2026-09-28T20:15:44.667+00:00,ospf,rev,777,OK,0.186
2026-09-28T20:15:44.871+00:00,ospf,rev,778,OK,0.167
